:020000040800F2
:10000000483200200D03000805340008A12600082E
:10001000C7310008132100088B5C000800000000B5
:100020000000000000000000000000007502000851
:10003000FD21000800000000B90200086549000821
:1000400027030008270300082703000827030008E8
:1000500027030008270300082703000827030008D8
:1000600027030008270300082703000827030008C8
:1000700027030008270300082703000827030008B8
:1000800027030008270300082703000827030008A8
:100090002703000827030008270300082703000898
:1000A00027030008394C000827030008270300082D
:1000B0002703000827030008270300082703000878
:1000C0002703000827030008270300082703000868
:1000D00027030008495A0008815A0008270300082E
:1000E00027030008270300082703000800F002F890
:1000F00000F0B0F80AA090E8000C82448344AAF112
:100100000107DA4501D100F0A5F8AFF2090EBAE80F
:100110000F0013F0010F18BFFB1A43F0010318473B
:10012000349C0000549C00000A444FF0000C10F86E
:10013000013B13F0070408BF10F8014B1D1108BF65
:1001400010F8015B641E05D010F8016B641E01F805
:10015000016BF9D113F0080F1EBF10F8014BAD1C55
:100160000C1B09D16D1E58BF01F801CBFAD505E073
:1001700014F8016B01F8016B6D1EF9D59142D6D3CD
:10018000704700000023002400250026103A28BFF5
:1001900078C1FBD8520728BF30C148BF0B607047F9
:1001A0006E2900F0FF81702900F04183662908F074
:1001B0000A84652908F00784672908F00484612906
:1001C00008F0038403681B0A28BF41F080016929F5
:1001D00000F0AC81642900F0A981752900F0A681A6
:1001E0006F2900F0CE82782900F00D83E92900F014
:1001F0006982E42900F06682F52900F06382EF2924
:1002000000F0CB82F82900F00C830368DB0928BFDB
:1002100041F08001632901F05380732901F0588077
:10022000E32901F06380F32901F068800020704722
:100230001FB501F0FBF804000020002107F0D2FBFD
:10024000401C60600020002107F0E2FBE0601FBD61
:1002500010B510BD01F0C5F81146FFF7E9FF05F034
:1002600065FF01F0A7F903B4FFF7F2FF03BC01F04B
:10027000ABF90000224B19680868B0E8F00F80F372
:100280000988BFF36F8F4FF0000080F311884EF0A4
:100290000D0E70470000000006480068006880F3FB
:1002A000088862B661B6BFF34F8FBFF36F8F00DF70
:1002B00000BF00BF08ED00E0EFF30980BFF36F8FD0
:1002C0000F4B1A6820E9F00F106008B54FF050008E
:1002D00080F31188BFF34F8FBFF36F8F06F082FD5D
:1002E0004FF0000080F31188BDE8084019680868E5
:1002F000B0E8F00F80F30988BFF36F8F704700BF3D
:1003000050010020EFF30580704700000948804746
:1003100009480047FEE7FEE7FEE7FEE7FEE7FEE7E7
:10032000FEE7FEE7FEE7FEE704480549054A064BFF
:100330007047000099490008ED000008482C002093
:1003400048320020482E0020482E00201CB50C46C4
:10035000064B7B4469460090204600F03CF9044679
:100360000020694600F04AF920461CBDA7020000A3
:1003700070B5064600F074F80468054630460A2257
:10038000002100F023FB2C6070BD4FF0000200B58F
:10039000134694469646203922BFA0E80C50A0E8A8
:1003A0000C50B1F12001BFF4F7AF090728BFA0E856
:1003B0000C5048BF0CC05DF804EB890028BF40F822
:1003C000042B08BF704748BF20F8022B11F0804F64
:1003D00018BF00F8012B70474FF0013C50F8042B78
:1003E00051F8043B9A4221D1A2EB0C03934313EA48
:1003F000CC1317D150F8042B51F8043B9A4215D175
:10040000A2EB0C03934313EACC130BD150F8042B4B
:1004100051F8043B9A4209D1A2EB0C03934313EA2F
:10042000CC13DBD04FF00000704700BFD01A01BAE8
:10043000B1FA81F101F0180122FA01F0CB40C1F1CB
:100440002001DBB2C0B2C01A2CFA01F3D11A9143D9
:1004500011EAC311E6D1704770477047704700003A
:1004600000487047E82B002070B504468569006895
:10047000C10601D5302600E02026C00707D070BD98
:10048000D4E9012130469047206A401C20626D1E4D
:10049000F6D570BD70B5044685690078C00707D1F0
:1004A00070BDD4E9012120209047206A401C2062C1
:1004B0006D1EF6D570BD09684A0501D540B270477A
:1004C000C905FCD500B2704709684A0501D5C0B21C
:1004D0007047C905FCD580B2704770B50C4605461B
:1004E000012A05D02878800600D5EA69002302E0B9
:1004F000012305E05B1C934202D2E05C0028F9D1A5
:10050000A869E618C01AA861286A18442862284613
:10051000FFF7AAFF04E0D5E9012114F8010B904789
:10052000B442F8D32846FFF7B5FF70BD2DE9F0417E
:100530000646002410687529314616A510D0FFF72D
:10054000BAFF002802DA404213A507E031688A07A3
:1005500001D512A502E0490704D511A5012401E047
:10056000FFF7B2FF00210A2206F1240709E0B0FBE1
:10057000F2FCB0FBF2F302FB1C003030785418465A
:10058000491C0028F3D123462A463046BDE8F041F5
:1005900000F0A5BA000000002D0000002B000000B4
:1005A0002000000011680268006A530501D5087038
:1005B0000AE0D30501D5088006E0130603D5C2176B
:1005C000C1E9000200E008600120704701694A1C8F
:1005D00002610878704700B58FB0CDE90131002184
:1005E000059105497944CDE903101146684600F0AC
:1005F00029F90FB000BD0000E5FFFFFF0A6802F80F
:10060000010B0A60704700002DE9FF5F15468A461E
:100610000446DFF8AC80F8440027D8E900103E46D5
:10062000CDE9001010E03AF816106A4602A800F072
:10063000B8FE411C07D02178890603D5E269391834
:1006400091420DD80744761C2078800602D5E069D7
:10065000B84205DDAE42E6DB3AF816000028E2D1EA
:10066000A069C01BA0612046FFF7FEFED8E900107C
:10067000CDE90010002017E03AF818106A4602A8E9
:1006800000F08FFEB0F1FF3F81460BD000250DF149
:10069000080B05E0D4E901211BF8050090476D1C0B
:1006A0004D45F7D308F10100B0428046E4DB206AF3
:1006B000384420622046FFF7EDFEBDE8FF9F0000B2
:1006C0009A9500002DE9F0418046D21D22F00702E4
:1006D0000025D2E90002F52915A614D0011E72F1F9
:1006E000000106DA0023D0EB030063EB020211A63F
:1006F00008E0D8F800108B0701D50FA602E04907E3
:1007000001D50EA601251146002408F1240704E0B6
:1007100000F0A0F930323A55641C50EA0102F7D1DA
:100720002B46324621464046BDE8F04100F0D7B99D
:10073000000000002D0000002B0000002000000041
:1007400030B4002100F1240408E002F00705D208CB
:10075000303542EA4372DB086554491C52EA03050E
:10076000F3D10468002310A2250707D5A40600D4FE
:1007700021B1C46901230DA2641EC46130BC00F024
:10078000AEB910B5044621461068FFF79DFE02463B
:100790002046BDE810400023D2E7D21D22F0070119
:1007A000D1E90023CCE70000000000003000000089
:1007B000F0B40D460188090502D5214C7C4402E0C5
:1007C0001F4C7C440E34002100F1240608E002F0A6
:1007D0000F071209E75D42EA03721B097754491CAF
:1007E00052EA0307F3D102780023120704D5702DD3
:1007F00006D009B1022311342246F0BC00F06FB9D3
:1008000001231034F8E770B504460D462146106800
:10081000FFF75AFE024629462046BDE870400023F5
:10082000C6E7D21D22F00703D3E90023C0E703681F
:10083000126843F0200303600823C3610023B7E775
:10084000FC9300002DE9F05F894604464FF0000A52
:10085000DFF874B1FB44C0F820A02046E168884767
:10086000002874D0252806D0D4E901219047206AB9
:10087000401C2062F1E700265F462046E168884779
:100880002028054607DB312D05D2781910F8200CF9
:1008900008B10643F1E7B00701D526F00406C4F815
:1008A0001CA00027C4F818A02A2D09D0284605F05E
:1008B00065FA38B304EB8708303DC8F8185019E0E2
:1008C00059F8041B204604EB87029161E1688847D0
:1008D000012F054618D1E069002820DA26F020060D
:1008E0001DE0D8F8180000EB800005EB4000303820
:1008F000C8F818002046E1688847054605F03EFA2A
:100900000028EED1012F0AD02E2D08D12046E16813
:1009100088477F1C0546022F46F02006C4DBA069ED
:10092000002803DA404246F00106A061F00701D03A
:1009300026F010066C2D0BD0682D09D04C2D39D027
:100940006A2D35D0742D35D07A2D33D016E038E0AD
:10095000E1682F4620468847B842054609D16C2FEA
:1009600026D04FF48060E16806432046884705465C
:1009700004E06C2F1AD04FF4807006430DB3A5F13C
:100980004100192802D8203546F400664A46294617
:10099000204626604E46FFF703FC80B101280BD0AD
:1009A000F61D26F0070000F1080956E74020E4E7AD
:1009B0008020D8E70020D6E706F104094DE7284655
:1009C00052E7206ABDE8F09F8C9300002DE9F047C4
:1009D00091460F4680460446002614F8015B2DB16F
:1009E00000F030F80068405DC007F6D12B2D02D032
:1009F0002D2D18D0641E4A463946204600F082FC50
:100A000027B13968A14201D1C7F800804FF0020434
:100A100071050BD54042002803DDFFF721FD04607E
:100A2000A007BDE8F08746F48066E4E70028F8DA1E
:100A3000FFF716FD04606FF00040F2E700487047D2
:100A4000E82B002010B500F0F1FC001D10BD00BF28
:100A5000956F000030B5B0F10A024FEA900E71F1C7
:100A600000034EEA817EB0EB0E0061EB91014FEA8C
:100A7000101E4EEA017E10EB0E0041EB11114FEA01
:100A8000102E4EEA016E10EB0E0041EB11214FEAE1
:100A9000104E4EEA014E10EB0E0041EB1141401892
:100AA00041F100014FEAD00040EA41704FEAD10124
:100AB00010EB80054FEA810444EA907444EB010492
:100AC0006D1944EB0404521BA3414FF0000348BFCF
:100AD0000A3200D530BD401C41F1000130BD2DE986
:100AE000F0470D4699469246044600F124080168F5
:100AF000880604D5E06921F01001216000E00120A2
:100B0000A84201DD471B00E00027A1697A1902EB2A
:100B10000900081AA0612078C00602D42046FFF719
:100B2000A3FC002608E0D4E901211AF8060090474A
:100B3000206A401C761C20624E45F4DB2078C006FB
:100B40000AD52046FFF790FC06E0D4E901213020C9
:100B50009047206A401C2062381EA7F10107F4DC90
:100B600007E0D4E9012118F805009047206A401CED
:100B70002062281EA5F10105F3DC2046FFF78AFC60
:100B80002078000602D50220BDE8F0870120FBE7AF
:100B900070472DE9FF4F0C461E464FF0FF378BB0D4
:100BA000D2E90001DDF860800A908A46C1F30A5557
:100BB00005B93D46002108464FF00000BAF1000F8C
:100BC00000F4400005DA00EB80004FF4400101EA38
:100BD00050004FEA9059B9F1010F00DDB9460A986B
:100BE00050EA4A000ED044F61050A5F2FF354543B6
:100BF0002F14B8F1000F1ED07542291E1EDDC9F159
:100C000000021CE0B8F1010F4FF0000001D03021CC
:100C100003E0F24305E02154401CB042FBDB3046C8
:100C20000022002121540B99C1F80880C1E900205D
:100C30000FB0BDE8F08FBD1B6D1CDEE74A4600DA41
:100C4000694206A800F044FC06AB93E8070003AB3A
:100C500083E8070050460A9900F0BDFC8DE80700C4
:100C6000A0F500501F3800900398002D0ADD42F2D5
:100C70001F014A460844002303A90390684600F078
:100C800026FF09E0A0F500504A461F38002303A9BB
:100C90000390684600F030FF8DE807000004000C68
:100CA00003D04FF0FF30410800E01046B8F1000FCC
:100CB00003D00022009215461EE0751E05D4FFF7F2
:100CC000C9FE303262556D1EF9D5B3460122084384
:100CD00002D000227F1C04E02078302801D10022BD
:100CE0007F1E002A099784D01DE0112D07DAFFF737
:100CF000B1FE303262556D1C50EA0102F5D1084355
:100D000002D00098C8B10EE00021681E05E0235C07
:100D1000625C63542254401E491C8142F7DBAB469F
:100D2000A81B401E0990002004F80B000B98099A9C
:100D3000C0F80880C0E9002B7AE711264FF00008C0
:100D400057E72DE9F04F88460446D21D22F00701EF
:100D500091B0D1E90001CDE90A0104F098FF024603
:100D60000B98C00F01D02D2007E02068810701D526
:100D70002B2002E0202101EAC000032A099001D0C3
:100D8000072A05DB03464146204600F053FB0BE1F2
:100D90002078800601D5E06900E00620B8F1650FF3
:100DA000814606D0B8F1660F18D0B8F1670F70D140
:100DB00031E00020B9F1110F009001DB112301E0B7
:100DC00009F101030AAA01A90CA8FFF7E2FEDDE977
:100DD0000C70002609F10105834647E001204B46CF
:100DE00000904FF000470AAA01A90CA8FFF7D1FE16
:100DF000DDE90DB00C995D46002610B909F101003E
:100E00000D18B9EB050003D4C0F1FF3609F1010557
:100E1000A5EB09002BE0B9F1010F01DA4FF0010950
:100E20000020B9F1110F0090484601DD112300E0C8
:100E300003460AAA01A90CA8FFF7ABFEDDE90C7076
:100E40004D4600268346207800070AD4AB4500DAD9
:100E50005D4601A8012D04DD411911F8011C30295E
:100E600007D04F4502DA17F1040F04DA0120824659
:100E70000FE06D1EEEE7002F02DCED1B3E4403E0A9
:100E8000781CA84200DD7D1CB81B00F1010A4FF060
:100E900000472078000703D4AA4501DB4FF0FF3A52
:100EA0000021B7F1004F0DF143088DF8431024D015
:100EB00002202B23002F01DA7F422D230A21021E5C
:100EC000A0F1010000DC5FB197FBF1FC97FBF1F2B0
:100ED00001FB1C7C17460CF1300C08F801CDEEE745
:100EE000A8F1010003702188090501D5452100E022
:100EF0006521A0F1010800F8011C09980FA9A1EBD8
:100F00000807FF1D00B10120411901EBEA70A1693A
:100F10003844081A401EA0612078C00602D420463A
:100F2000FFF7A2FA099828B1D4E901219047206A75
:100F3000401C20622078C00622D52046FFF794FA94
:100F40001EE0002E04DBB34502DD01A8805D00E059
:100F50003020D4E901219047206A401C2062761C91
:100F6000AAF101005FEA000A0AD100F05FFAC06846
:100F70000168405CD4E901219047206A401C20624E
:100F8000281EA5F10105DCDC07E0D4E9012118F8F1
:100F9000010B9047206A401C2062381EA7F1010710
:100FA000F3DC2046FFF776FA032011B041E600009B
:100FB0002DE9F04F04460D46D21D22F0070089B0FE
:100FC000D0E900974846394604F061FE0246F80F22
:100FD00001D02D2307E02068810701D52B2302E0F3
:100FE000202101EAC0038DF820300BB1012000E080
:100FF0000020032A824601D0072A04DB2946204626
:1010000000F018FA3FE12078800601D40D2500E0B9
:10101000E569C7F30A560D2D49DA00214FEA175B3F
:1010200008464FF00000002F00F4400007DA00EB04
:1010300080004FF4400100EBD07001EA60008115A0
:10104000012901DD4FF0FF3100224FEA850CBCF190
:10105000180F06D31346ACF118004FF08052C2406F
:1010600003E04FF4801323FA0CF30CF10C0CBCF1E9
:10107000200F04D3ACF1200C09FA0CF001E007FAC0
:101080000CF000294FF0004801DD18B90FE00ED137
:1010900040450CD319EB02095F4121B9404502D10B
:1010A0009F4329EA0209BBEB175F00D0761C20881A
:1010B000000502D57B48784402E07A487844193824
:1010C00008AA302302F80A30037C0AF10101002E3D
:1010D0000AF1020A53546A4602DC4FF0300101E083
:1010E0004FF031014FF001088DF8001002D0A6F248
:1010F000FF3603E059EA470100D06B4E002D02DCB9
:101100002178090704D54FF002082E218DF801102F
:10111000C44600210BE0C7F303433F01C35C491CF5
:101120006D1E02F80830052908F1010801DA002DCA
:10113000F1DC00210CE000EB1973491C1B786D1EDB
:10114000082902F808304FEA091908F1010801DA04
:10115000002DF0DC21688B0602D516E0A8F101080D
:10116000E04505DD02EB080313F8013C302BF5D018
:10117000B8F1000F09DD02EB080313F8013C2E2B38
:1011800003D1090701D4A8F10108002D05DD3E2196
:1011900002F808106D1E08F10108407C002E02F8CC
:1011A000080008F1010804DA2D20764202F8080050
:1011B00002E02B2002F808000A214FF47A708642E0
:1011C00008F101080BDB96FBF0F3303302F808302E
:1011D00096FBF0F308F1010800FB136601E0642EB2
:1011E0000CDB642096FBF0F3303302F8083096FBFA
:1011F000F0F308F1010800FB136601E00A2E06DB9C
:1012000096FBF1F0303002F8080008F1010896FB77
:10121000F1F001FB1060303002F80800A16908F11C
:10122000010808EB050202EB0A00081AA061207809
:10123000C00602D42046FFF717F9216A08AE01EB79
:101240000A00206204E0D4E9012116F8010B90475E
:10125000BAF1010AF7D22078C00602D52046FFF77E
:1012600003F96E4609E016F8010B3E280FD0D4E9C9
:1012700001219047206A401C2062B8F10108F2D297
:101280002046FFF707F909B00320BDE8F08F206A78
:101290002844206203E0D4E90121302090476D1EEC
:1012A000EBD3F8E7F18B000002FCFFFF10B54369B8
:1012B00013B1AFF3008001E0FFF70FF9012010BD7B
:1012C000127800F124010A7000224A700122EDE731
:1012D00011684FF0FF32E9E710B5436913B1AFF37E
:1012E000008001E0FFF790F9012010BD128800F1A5
:1012F000240182840022C2840122EDE711684FF0AC
:10130000FF32E9E72DE9F05F824615468B4600275C
:101310000AF10104B9460078302801D09DB113E0EC
:1013200014F8010B0127782803D0582801D045B1C3
:101330000AE00DB1102D07D1002714F8010B10257C
:1013400002E0082500E00A250026B0460EE005FB75
:10135000080005FB06F101271FFA80F801EB104693
:10136000B6F5803F00D3B94614F8010B294600F0CA
:10137000A1F80028EBDABBF1000F05D00FB1641E15
:1013800000E05446CBF80040B9F1000F06D0FFF75B
:1013900067F802210160C81EBDE8F09F48EA0640D8
:1013A000FAE770B516460C460546FFF74BFB036897
:1013B00093F80101012806D0FF2C0FD8185D68B101
:1013C00001202C7070BDD3F807013246214603F28C
:1013D000071303442846BDE8704018474FF0FF301C
:1013E00070BD7546FFF72AFBAE46050069465346B9
:1013F00020F00700854618B020B5FEF795FFBDE840
:1014000020404FF000064FF000074FF000084FF06B
:10141000000B21F00701AC46ACE8C009ACE8C009FC
:10142000ACE8C009ACE8C0098D4670470048704779
:10143000082C00202DE9F0411F46044603260168D0
:10144000072A01F4006004DB08B116A505E016A523
:1014500003E008B115A500E015A521F010002060FB
:10146000A069C01EA0610FB1401EA0612046FEF71A
:10147000FBFF4FB1D4E9012138469047206A401C58
:101480002062C01C206206E0206AFAE7D4E901214C
:1014900015F8010B9047761EF8D22046FEF7FAFFAA
:1014A000BDE8F0814E414E006E616E00494E46002F
:1014B000696E66003A2800D2303820F02002412AB6
:1014C00001D3A2F13700884201D34FF0FF307047BB
:1014D0002DE9F047814616468AB0354878440DC854
:1014E0008DE80D0032487844801C03AC0DC884E8B8
:1014F0000D0041F69B300844372190FBF1F290FB40
:10150000F1F5A5F1800501FB12041B3C02D56442F4
:10151000012000E00020DFF898A080460027FA4470
:10152000AAF1BE0A0EE0E0070AD03246684607EB91
:10153000470101230AEB810100F0DEFA8DE8070084
:1015400064107F1C002CEED1194F7F44AE3F19E090
:10155000E80715D007EB04100DF1180A90E80E000B
:101560008AE80E00C068F04201D19819089032460E
:10157000012306A903A800F0BFFA03AB83E8070024
:101580006D10641C002DE3D14FF001033246694613
:10159000B8F1000F03A802D000F099FA01E000F0C2
:1015A000ABFAC9E90001C9F808200AB0BDE8F08724
:1015B0005C88000010B50446AFF300802046BDE80B
:1015C0001040FEF750BE000001491820ABBEFEE7F8
:1015D0002600020070475FEA400C08BF91F0000F40
:1015E0004FEA8C234FEAC12243EA51514FEA1C5083
:1015F00018BF00F5F0404FEA300018BF41F000413D
:101600005FEA6C5C00F02980BCF1FF3F08BF40F04E
:1016100080407047130C06BF12044FF0100C4FF0BF
:10162000000C130E04BF12020CF1080C130F04BFC0
:1016300012010CF1040C930F04BF92000CF1020C88
:10164000D30F04BF52000CF1010C11464FF0000201
:10165000A0F11F00A0EB0C00704711F0004F08BF75
:10166000704731F000413FF4D5AF0B0C06BF0904C1
:101670004FF0100C4FF0000C0B0E04BF09020CF1E0
:10168000080C0B0F04BF09010CF1040C8B0F04BFF5
:1016900089000CF1020CCB0F04BF49000CF1010CC6
:1016A000CCF12003A0EB0C0022FA03F302FA0CF2B7
:1016B00041EA030100F10100704720F07F4C80EA0D
:1016C000030023F07F47ACEB070303F57C5300F0E6
:1016D000004003F1FF032DE980494FEA154B09B49F
:1016E0004FEA144325EA0B4E24EA03480FF204267E
:1016F00006EB132749083E785FEA320203FB0667D0
:10170000C7F5000707FB06F64FEA54374FEAD646FF
:1017100006F1020607FB066CCCF1005C4FEA1C47A1
:101720002CEA074C07FB06F40CFB06F504EB154608
:101730004FEA961634BF00204FF000404FEAD137F1
:1017400006FB07FC4FEA1C4C0CFB0BF7D21B03FB00
:101750000CF761EB07010CFB0EF7B0EB074072EBE7
:1017600017420CFB08F734BFA2EB0742B2EB07426B
:1017700061EB17414FEA0C444FEA910706FB07FC67
:101780004FEA1C4C0CFB0BF7B0EBC74072EB573227
:1017900003FB0CF734BFA2EBC742B2EBC74261EBCD
:1017A00057310CFB0EF7B0EBC70072EB57720CFB16
:1017B00008F734BFA2EBC702B2EBC70261EB577167
:1017C000039F4FEA816141EA921104EBCC044FEA96
:1017D000D1374FEA826206FB07FC42EA90124FEAD9
:1017E00080604FEA1C4C0CFB0BF7D21B03FB0CF781
:1017F00061EB07010CFB0EF7B0EB074072EB1742F1
:101800000CFB08F734BFA2EB0742B2EB074261EBD7
:1018100017414FEA8C554FEA910704EB9C2406FBD5
:1018200007FC4FEA1C4C0CFB0BF7B0EBC74072EB0C
:10183000573203FB0CF734BFA2EBC742B2EBC742EF
:1018400061EB57310CFB0EF7B0EBC70072EB577230
:101850000CFB08F734BFA2EBC702B2EBC70261EB87
:10186000577115EB4C254FEA816141EA92114FEA1D
:1018700082624FEAD13742EA901206FB07FC44F13C
:1018800000044FEA80604FEA1C4C0CFB0BF7D21BA4
:1018900003FB0CF761EB07010CFB0EF7B0EB074005
:1018A00072EB17420CFB08F734BFA2EB0742B2EB16
:1018B000074261EB174115EB1C154FEA813141EAF4
:1018C00092414FEA823242EA90424FEA80304FEA38
:1018D0000C7644F1000448EA03434EEA0B484FF00B
:1018E000000EB2EB080C71EB030724BF62463946C9
:1018F0004EEB0E0E4FF0000B0018524149414BEBDE
:101900000B0BB2EB080C71EB03077BF1000B24BF50
:10191000624639464EEB0E0E4FF0000B0018524156
:1019200049414BEB0B0BB2EB080C71EB03077BF15E
:10193000000B24BF624639464EEB0E0E51EA0207F9
:1019400018BF46F0010616EB0E7655F1000254F171
:10195000000103D5BDE88901BDE80088BDE8890123
:10196000BDE80048B619524141EB0101A3F1010362
:10197000704780807F7E7D7C7B7A797877767675FC
:101980007473727171706F6E6E6D6C6C6B6A6A6974
:101990006868676666656464636362616160605F0E
:1019A0005F5E5E5D5D5C5C5B5B5A5A595958585787
:1019B00057565655555554545353525252515150EF
:1019C00050504F4F4F4E4E4D4D4D4C4C4C4B4B4B42
:1019D0004A4A4A4949494848484747474746464688
:1019E00045454544444444434343434242424241C3
:1019F0004141002B9C4630D477002BD01CB54FEAD8
:101A0000370703B44FF010004FF01001BAF1000F88
:101A100006D0BCF1000FDCBF40F0080040F0080128
:101A20004FF000000FBCBDE810400BF1010BBBF103
:101A3000010F08BF5FEA170722BF12F1010211F17F
:101A400001014FF0004143F1000300F0004043EA80
:101A500000007047F9D35708D0E746EA064613F16D
:101A6000400F4FEA16461FDD13F1200FDFBF16436C
:101A70000A46002120335B42BED0C3F1200746EA6C
:101A8000064602FA07F74FEA164646EA0706C3F18A
:101A9000200722FA03F201FA07F721FA03F14FF0C7
:101AA000000342EA0702A7E746EA020646EA0646BC
:101AB0004FEA164646EA0106BCBF46EA0646360C21
:101AC0004FF000034FF000024FF0000194E72DE9C2
:101AD000804C9A46934670B491E8380007C831EAC2
:101AE000400C48BF34EA430C03D5FFF7E6FDFFF78F
:101AF00080FFF0BCBDE8008C2DE9804C9A469346EF
:101B000070B491E8380007C810F0804F08BF13F098
:101B1000804F03D100F005F8FFF76BFFF0BCBDE884
:101B2000008C20F07F4780EA030023F07F4C07EB16
:101B30000C03A3F57C5300F00040A3F1FE0392F0E8
:101B4000000F00F0B38095F0000F00F077802DE9D2
:101B500001494FEA11404FEA144621EA004800FBD0
:101B600006FC24EA064708FB06F607FB08F800FB1C
:101B700007F718EB06484CEB164C4FEA124B18EBE4
:101B800007484FEA15464CEB174022EA0B4E0BFB79
:101B900006FC25EA06470EFB06F607FB0EFE0BFBCE
:101BA00007F71EEB064E4CEB164C4FF000061EEBF3
:101BB000074E4CEB174B18EB0B0840F1000018EBED
:101BC0000E0B58EB000840F100008F1A4FF0000197
:101BD0003CBFC943661B14BFB5EB040C00213CBFDE
:101BE000C943F61B4FEA17444EEA8E0E27EA044516
:101BF0004FEA1C4704FB07622CEA074C05FB07F77A
:101C00000CFB05F604FB0CFC16EB074642EB1742F7
:101C100016EB0C4642EB1C421BEB060658EB02028D
:101C2000414146EA9E0601D5BDE80189B6195241F7
:101C300041EB0101A3F10103BDE801894FEA14451D
:101C40004FEA114724EA054621EA074C05FB07F451
:101C500006FB07F70CFB06F105FB0CFC11EB07413B
:101C600044EB17444FEA124711EB0C4144EB1C4480
:101C700022EA074C05FB07F206FB07F70CFB06F60A
:101C800005FB0CFC16EB074642EB174216EB0C4625
:101C900042EB1C456A1854F1000148BF7047B61961
:101CA000524141EB0101A3F10103704795F0000F90
:101CB00037D04FEA11424FEA144721EA024624EA9C
:101CC000074C02FB07F106FB07F70CFB06F402FBCF
:101CD0000CFC14EB074441EB17414FEA154714EB9A
:101CE0000C4441EB1C4125EA074C02FB07F506FBBF
:101CF00007F70CFB06F602FB0CFC16EB074645EB60
:101D0000174516EB0C4645EB1C42121951F1000128
:101D100048BF7047B619524141EB0101A3F10103DD
:101D200070474FEA14454FEA114724EA054621EA75
:101D3000074C05FB07F106FB07F70CFB06F24FF01B
:101D4000000605FB0CFC12EB074241EB174112EBBE
:101D50000C4251EB1C4148BF7047921841EB010106
:101D6000A3F10103704710B504F034FE10BD10B5A7
:101D700004F05AFE10BD00001CB503220021012012
:101D800005F0F6F8194908600846006808B1012016
:101D900000E0002050B900BF502080F31188BFF34D
:101DA0004F8FBFF36F8F00BF00BFFEE700200421FD
:101DB00003468A01CDE900100DA10F4805F016FB7E
:101DC0000020032103464FF48072CDE900100BA1DF
:101DD0000C4805F00BFB002002210346CA01CDE9A7
:101DE000001009A1094805F001FB1CBD44010020B9
:101DF0006374726C0000000091520008636F6D6D97
:101E0000000000004D50000875690000AD56000844
:101E1000002004E00021034A1154411CC8B2642888
:101E2000F8DB7047F409002001460F4800880F4A8C
:101E30001288904203D100200870012070470C489E
:101E4000094A1288805C087007480088632803DB11
:101E50000020054A108004E003480088401C024A24
:101E600010800020EAE700003C0000203A0000203B
:101E7000F409002010B50446204600F07FF810BD9C
:101E800000B587B00121480402F034FA0121042092
:101E900002F040FA18208DF81B000420ADF818005D
:101EA00003208DF81A0006A9204800F014FB4820F2
:101EB0008DF81B000820ADF8180003208DF81A00DB
:101EC00006A91A4800F007FB4FF4165002900020B4
:101ED000ADF814000C20ADF812000020ADF8100091
:101EE000ADF80E00ADF80C0002A9114803F058FE41
:101EF000012240F225510E4803F02CFE4FF4A06061
:101F000001F0D8FC26208DF8040001208DF8070090
:101F10008DF805008DF8060001A801F093FC012161
:101F2000034803F0D4FD07B000BD000000080140E5
:101F30000044004006480088643006490988401A79
:101F4000642190FBF1F201FB120080B270470000A7
:101F50003A0000203C0000200FB400B59BB01DA843
:101F6000019002A8019A1C99FEF7F0F90020019057
:101F700002A800F0C1F81BB05DF814FB0146104840
:101F80000088401C642290FBF2F302FB13000D4A10
:101F90001288904201D1012070470B48084A1288EC
:101FA000815407480088632803DB0020044A10801E
:101FB00004E003480088401C014A10800020EBE741
:101FC0003A0000203C000020F409002001460548AA
:101FD00000880844642290FBF2F302FB1300024ADB
:101FE000105C70473C000020F4090020F8B5002385
:101FF00000240025FFF79EFF074600261DE06846E7
:10200000FFF712FF9DF800005B2802D10125002395
:1020100011E09DF800005D2805D1012D03D10020BD
:102020001C49C8540BE0012D05D19DF80000194949
:10203000C854581C83B2701C86B2BE42DFDB00BF9E
:10204000002300201AE01349095C2C290AD1002141
:1020500003EB8302104E06EB82021155591C8BB222
:10206000002409E00B49095C03EB83020A4E06EBEE
:1020700082021155611C8CB2411C88B20549095C71
:102080000029E0D1002003EB8301034A02EB810128
:102090000855F8BD580A0020BC0A002070B500257C
:1020A000FFF748FF0646002411E02046FFF78EFFA9
:1020B0005B2801D1012508E02046FFF787FF5D2856
:1020C00003D1012D01D1012070BD601C84B2B44246
:1020D000EBDB0020F8E7000010B504462146054878
:1020E00003F0CFFD00BF8021024803F0FCFC002874
:1020F000F9D010BD0044004070B50446002504E04E
:10210000605DFFF7E9FF681CC5B2605D0028F7D18C
:1021100070BD00BFFEE7000010B53AE001F0D4FB4F
:102120001DA308220021084601F0C3FD20A30822B8
:102130001021002001F0BDFD23A308222021002052
:1021400001F0B7FD26A308223021002001F0B1FDE7
:1021500001F0ACFF0821002000F062FD18B100F092
:1021600071FD00F09FFA0821012000F059FD18B11F
:1021700000F068FD02F062F92021032000F050FD1C
:1021800038B100201C49087001F09EFB00F05AFD98
:1021900000E0C3E700BF10BD2020205BE8B083E86B
:1021A000AF95E6A8A1E5BC8F5D20202000000000CF
:1021B0004B31EFBC9AE7A1ACE4BBB6E6B58BE8AF18
:1021C00095202020200000004B32EFBC9AE4BCA0F8
:1021D000E6849FE599A8E6A0A1E587862020000077
:1021E0002020E995BFE68C894B34E994AEE8BF9492
:1021F000E59B9E202000000042000020704770B543
:10220000044605F027F901280AD04FF47A7060439C
:102210004FF47A71B0FBF1F5284604F0B1FC08E008
:1022200003E04FF47A7000F005F8201EA4F10104D9
:10223000F7D170BD08B5C100009100E000BF009962
:102240004A1E00920029F9D108BD000070B504466D
:10225000012C09D10B4802F04AFD05B200210948C2
:1022600002F074FE284670BD022C09D1064802F027
:102270003EFD05B20021044802F068FE2846F2E760
:102280000020F0E7000400400008004000B587B0DF
:102290000121022002F02EF80121042002F03AF878
:1022A00048208DF81B00C020ADF8180003208DF8E1
:1022B0001A0006A93F4800F00EF90020ADF8120000
:1022C000ADF80E004FF6FF70ADF810000020ADF82D
:1022D0000C008DF8140003A9374802F065FE68462B
:1022E00002F070FD0020ADF800000F20ADF80800EE
:1022F0006946314802F010FD0420ADF800000F20BF
:10230000ADF8080069462C4802F006FD00231A4685
:102310000321294802F0CAFC0121274802F0BAFC37
:102320000121042001F0E6FF0121082001F0F2FF65
:1023300048208DF81B00C020ADF8180003208DF850
:102340001A0006A91D4800F0C6F80020ADF81200DA
:10235000ADF80E004FF6FF70ADF810000020ADF89C
:102360000C008DF8140003A9154802F01DFE684604
:1023700002F028FD0020ADF800000F20ADF80800A5
:1023800069460F4802F0C8FC0420ADF800000F2099
:10239000ADF8080069460A4802F0BEFC022300229C
:1023A0000321074802F082FC0121054802F072FC7B
:1023B00007B000BD0008014000040040000C0140CF
:1023C0000008004030B5044604254FF4302000F0EA
:1023D0006FF80546042D17D10C48006940F0020043
:1023E0000A49086108464461006940F040000861FC
:1023F0004FF4302000F05CF805460448006941F6CF
:10240000FD71084001490861284630BD00200240A6
:1024100004200B49C96801F0010109B101200EE057
:102420000749C96801F0040109B1022007E0044925
:10243000C96801F0100109B1032000E004207047D1
:10244000002002400348006940F080000149086113
:10245000704700000020024070B504460D46042677
:10246000F00200F025F80646042E11D10948006953
:1024700040F00100074908612580F00200F018F8DB
:1024800006460448006941F6FE71084001490861AA
:10249000304670BD002002400248034948600348AE
:1024A000486070472301674500200240AB89EFCDAB
:1024B00000B502460423FFF7ABFF034603E0FFF736
:1024C000A7FF0346521E012B01D1002AF7D102B902
:1024D0000523184600BD2DE9F041024600250026DF
:1024E000002000230024002791F803C00CF00F0502
:1024F00091F803C00CF0100CBCF1000F03D091F860
:1025000002C04CEA050591F800C0BCF1000F31D0C3
:10251000146800202BE04FF0010C0CFA00F3B1F826
:1025200000C00CEA03069E4220D183004FF00F0C3E
:102530000CFA03F7BC4305FA03FC4CEA040491F8D7
:1025400003C0BCF1280F06D14FF0010C0CFA00FCBF
:10255000C2F814C00AE091F803C0BCF1480F05D1DD
:102560004FF0010C0CFA00FCC2F810C0401C082807
:10257000D1D31460B1F800C0BCF1FF0F34DD546852
:1025800000202EE000F1080C4FF0010808FA0CF3CF
:10259000B1F800C00CEA03069E4221D183004FF03F
:1025A0000F0C0CFA03F7BC4305FA03FC4CEA0404D5
:1025B00091F803C0BCF1280F05D100F1080C08FA0E
:1025C0000CF8C2F8148091F803C0BCF1480F07D191
:1025D00000F1080C4FF0010808FA0CF8C2F810805E
:1025E000401C0828CED35460BDE8F081F0B50A46FF
:1025F000002300240021002500F00046B6F1004F22
:1026000002D11D4EF16901E01B4E7168C0F3034514
:1026100083B200F44016B6F5401F08D121F0706176
:10262000154E766826F07066134F7E6012E000F457
:102630008016B6F5801F06D1032606FA05F4A143DD
:1026400041F0706106E0460D360103FA06F6B1432B
:1026500041F0706122B1460D360103FA06F63143AE
:1026600000F00046B6F1004F02D1034EF16101E0E7
:10267000014E7160F0BD00000000014002460020E4
:1026800093680B400BB1012000E0002070474161CE
:102690007047016170470AB1016100E04161704714
:1026A00000BFFEE72DE9F04F8DB001240025002684
:1026B00000200C900B908146824609900A9007906A
:1026C0000890002783468046069001F0FDF816E248
:1026D0000821032000F0A4FA90B100F0B3FA01F051
:1026E000F3F8601CC4B2042C00DD01240025002690
:1026F0002946012000F082FD3146022000F07EFDD7
:102700002021032000F08CFA20B100F09BFA0DB0DC
:10271000BDE8F08F012C71D10821002000F080FA73
:1027200048B1642D02DA05F10A0005B2642E02DA1E
:1027300006F10A0006B20821012000F071FA58B132
:1027400015F1640F02DDA5F10A0005B216F1640F60
:1027500002DDA6F10A0006B20821022000F060FAAC
:1027600008B1002500262946012000F047FD31462A
:10277000022000F043FD0120FFF768FD0C900220CD
:10278000FFF764FD0B900C9848440FFA80F94FF462
:102790007A7099FBF0F100FB11990B9850440FFAF5
:1027A00080FA4FF47A709AFBF0F100FB11AAD4A3DF
:1027B00008220021084601F07CFAD7A30822102144
:1027C0000020CDE9005601F074FADDE90B10D7A323
:1027D0000822CDE900012021002001F06AFAD8A3E7
:1027E000082230210020CDE9009A01F062FA01F0C0
:1027F0005DFC3220FFF703FD81E1FFE7022C49D1A8
:10280000D448D549D54BD64ACDE90010D549D6484C
:1028100000F012FCD5A308220021084601F049FA75
:10282000CE48B0F90000D049B1F90010D4A3082275
:10283000CDE900101021002001F03BFAC648B0F9A4
:102840000000C849B1F90010CDA30822CDE900105D
:102850002021002001F02DFABE48B0F90000C04947
:10286000B1F90010C6A30822CDE9001030210020E4
:1028700001F01FFA00F021FC0590C4A308221021EA
:102880000090702001F015FA01F010FC3220FFF7E3
:10289000B6FC34E1032C7CD10821002000F0C0F903
:1028A00010B39DF82400401CC0B28DF824009DF8A0
:1028B0002500801CC0B28DF825009DF82600C01CA4
:1028C000C0B28DF826009DF82700001DC0B28DF81B
:1028D00027009DF82800401DC0B28DF82800052271
:1028E00009A9102000F07DFF0821012000F098F9CF
:1028F00010B39DF82400401EC0B28DF824009DF84E
:102900002500801EC0B28DF825009DF82600C01E4F
:10291000C0B28DF826009DF82700001FC0B28DF8C8
:1029200027009DF82800401FC0B28DF8280005221E
:1029300009A9102000F055FF052207A9102000F07A
:102940000EFE94A308220021084601F0B2F99DF87A
:1029500028009DF827109DF826209DF82530CDE908
:102960000132CDE903109DF824008FA30822102125
:102970000090002001F09DF99DF820009DF81F10A7
:102980009DF81E209DF81D30CDE90132CDE90310E0
:1029900000E00EE09DF81C008AA308222021009090
:1029A000002001F086F901F081FB3220FFF727FCBF
:1029B000A5E0042CFCD10821002000F031F928B159
:1029C000781CC7B208F1020000F0FF0808210120BE
:1029D00000F026F928B1781EC7B2A8F1020000F075
:1029E000FF080821022000F01BF920B3384601F04F
:1029F000E9FE4046FFF770FB10231A4619462020D7
:102A000001F070F910231A461946602001F06AF9A6
:102A100001F04CFB6420FFF7F2FB10231A46194625
:102A2000202001F05FF910231A461946602001F0BA
:102A300059F901F03BFB01F05BFEF8B101F052FEE9
:102A400083469DF8180066A308222021CDE900B036
:102A5000002001F02EF910231A462021084601F02B
:102A600041F901F023FB6420FFF7C9FB10231A464C
:102A70002021084601F036F901F018FBFFF75AFA59
:102A800000281FDD06A8FFF7CFF99DF8180054A312
:102A900008222021CDE900B0002001F00AF910231E
:102AA0001A462021602001F01DF901F0FFFA642090
:102AB000FFF7A5FB10231A462021602001F012F930
:102AC00001F0F4FA4BA308220021084601F0F1F8C6
:102AD0004EA3082210210020CDE9007801F0E9F88A
:102AE0009DF818003EA308222021CDE900B0002067
:102AF00001F0DFF801F0DAFA3220FFF780FBE7E5BA
:102B0000E7BC96E7A081E794B5E69CBAE6B58BE80A
:102B1000AF9520312F34000050574D4C3A252B30C3
:102B2000346420523A252B30346400005370644CD6
:102B30003A252B30346420523A252B30346400007F
:102B40004C6F634C3A252B30346420523A252B309D
:102B500034640000500000204E0000204C00002093
:102B60004A00002048000020460000204D50553605
:102B7000303530E6B58BE8AF952020322F34000099
:102B8000252B30366420252B303664002530325812
:102B9000000000004E524632344C3031E6B58BE82E
:102BA000AF9520332F340000573A25303258202576
:102BB00030325820253032582025303258202530E8
:102BC00032580000523A25303258202530325820F1
:102BD0002530325820253032582025303258000018
:102BE0005258313A2530325820205258323A253046
:102BF00032580000E4B8B2E58FA3E6B58BE8AF9594
:102C00002020202020342F34000000005458313A76
:102C10002530325820205458323A2530325800009E
:102C200002460748805C084040B1012904D00448AE
:102C3000805C8843024B9854012070470020FCE7D9
:102C400014000020002004E00021034A1154411C1C
:102C5000C8B20428F8DB70471400002010B5044601
:102C600034B902211148FFF709FDE0B9012010BD78
:102C7000012C06D101210D48FFF700FD98B9012074
:102C8000F5E7022C06D120210948FFF7F7FC50B9DF
:102C90000120ECE7032C06D110210548FFF7EEFCDC
:102CA00008B90120E3E70020E1E70000000C014043
:102CB0000008014008B50121042001F02BFB01218F
:102CC000082001F027FB48208DF803000320ADF811
:102CD00000008DF8020069460548FFF7FCFB302034
:102CE000ADF8000069460348FFF7F5FB08BD00009A
:102CF000000C01400008014010B50020A3490870F5
:102D000016E0A348A149097830F8110000280ADD2F
:102D10009F489E49097830F81100401E9C499B4A03
:102D2000127821F8120099480078401C97490870E1
:102D3000964800780428E4DB96480078401C9549C2
:102D4000087008460078142871DB002008708F494D
:102D5000087015E190488D490978415C8F488B4A8D
:102D60001278815489480078FFF778FF8A49874AAA
:102D700012788854084685490978405C01280AD1B0
:102D8000874882490978405C40F0010084497F4AC5
:102D90001278885409E082487C490978405C20F028
:102DA00001007F49794A127888547B48774909782D
:102DB000405C01280ED1794874490978405C48B9D3
:102DC000774872490978405C40F0020174486F4AC4
:102DD0001278815470486D490978405C78B96F4821
:102DE0006A490978405C012809D16D48674909782A
:102DF000405C40F004016A48644A12788154694892
:102E000062490978405C98B9634860490978405C38
:102E100001280BD14FF47A705D495C4A127821F891
:102E2000120001205F49594A12788854A3E0ACE0AF
:102E30005C4856490978405C01282DD156485349D1
:102E40000978405C58B900205149504A127821F85D
:102E50001200022053494D4A127888548BE04C48A6
:102E60004A49097830F81100002814D164204849F3
:102E7000464A127821F81200494844490978405CD2
:102E800040F020004649414A1278885404204549C0
:102E90003E4A127888546EE042483C490978405CCA
:102EA00002282BD13C4839490978405C01280FD1D0
:102EB0003B4836490978405C40F010003849334AB5
:102EC0001278885403203749304A1278885452E0E7
:102ED0002F482E49097830F81100F8B930482B49AD
:102EE0000978405C40F008002D49284A127888543F
:102EF00000202C49254A127888543CE0294823496F
:102F00000978405C03280AD1234820490978405CAD
:102F100020B9002023491D4A127888542BE021480B
:102F20001A490978405C042825D11B4817490978BB
:102F3000405C28B900201B49144A127888541AE0D2
:102F400013481249097830F81100A0B964201049DB
:102F50000E4A127821F8120011480C490978405C99
:102F600040F040000E49094A1278885404200D4967
:102F7000064A1278885405480078401C03490870B6
:102F8000024800780428FFF6E5AE10BD19000020C5
:102F900026000020180000201A0000201E0000203B
:102FA000140000202200002008B50121102001F0AB
:102FB000B1F910208DF803004002ADF800000320A5
:102FC0008DF8020069460448FFF785FA4FF4005176
:102FD0000148FFF75EFB08BD0010014010B54FF43B
:102FE00000510248FFF755FB10BD000000100140E2
:102FF00010B54FF400510248FFF749FB10BD000027
:103000000010014008494988084A1180064989880A
:1030100009B2074A11800449C988034A128941EA62
:103020000240044908607047B401002044000020B9
:1030300056000020600000202DE9FF4704460D46A1
:1030400017461E46DDE90C890E2269463B2000F03A
:1030500074F89DF801009DF8001040EA012000B2CC
:1030600020809DF803009DF8021040EA012000B284
:1030700028809DF805009DF8041040EA012000B268
:1030800038809DF809009DF8081040EA012000B240
:1030900030809DF80B009DF80A1040EA012000B234
:1030A000A8F800009DF80D009DF80C1040EA0120E2
:1030B00000B2A9F80000BDE8FF8710B5752000F048
:1030C0001DF810BD10B500F0F7F801216B2000F0DD
:1030D00063F800216C2000F05FF80721192000F050
:1030E0005BF800211A2000F057F818211B2000F08F
:1030F00053F818211C2000F04FF810BD70B504469D
:1031000000F04FF9D02000F033F900F0FDF8204630
:1031100000F02EF900F0F8F800F043F9D12000F0AB
:1031200027F900F0F1F800F0FEF80546012000F064
:1031300013F900F044F9284670BD2DE9F041074627
:103140000E46154600F02DF9D02000F011F900F0E0
:10315000DBF8384600F00CF900F0D6F800F021F961
:10316000D12000F005F900F0CFF800240EE000F0C7
:10317000DAF83055681EA04203DD002000F0ECF8BC
:1031800002E0012000F0E8F8601CC4B2AC42EEDBC3
:1031900000F015F9BDE8F08170B505460C4600F069
:1031A00000F9D02000F0E4F800F0AEF8284600F076
:1031B000DFF800F0A9F8204600F0DAF800F0A4F8F3
:1031C00000F0FDF870BD00BFFEE7000008B501216A
:1031D000082001F09FF810208DF803004FF4704094
:1031E000ADF8000003208DF8020069460248FFF7A1
:1031F00072F901F021F808BD000C014070B50546D8
:103200000C46012D1CD1002C0BDB41031C48FFF7A1
:103210003EFA29031A48FFF73CFAA0B201F05AF827
:103220002CE04FF400511648FFF733FA4FF4805169
:103230001348FFF72CFA614288B201F04BF81DE009
:10324000022D1BD1002C0BDBA9030D48FFF721FA3F
:1032500069030B48FFF71BFAA0B201F043F80DE039
:103260004FF400410648FFF712FA4FF4804104483A
:10327000FFF70FFA614288B201F034F870BD000028
:10328000000C014010B50446FFF706F92046FFF791
:1032900099F8FFF7D7F810BD70B504460D46FFF753
:1032A000FBF829462046FFF7D7F8FFF7CBF870BDAB
:1032B000014608887047000008B50121082001F088
:1032C00029F814208DF803004FF44060ADF8000099
:1032D00003208DF8020069460448FFF7FCF84FF41C
:1032E00040610248FFF7D5F908BD0000000C01401D
:1032F00010B54FF400610348FFF7C0F904462046BB
:1033000010BD0000000C014010B5012000F06EF867
:10331000012000F05FF8FFF7EBFF0446002000F00B
:1033200059F8204610BD70B50025012000F05EF868
:1033300000240DE0012000F04DF8FFF7D9FF10B197
:10334000802020410543002000F044F8601CC4B2F6
:10335000082CEFDB284670BD10B50446204600F06F
:1033600045F8012000F036F8002000F033F810BDD9
:1033700070B50546002411E080212141294009B1A2
:10338000012100E00021084600F030F8012000F0A3
:1033900021F8002000F01EF8601CC4B2082CEBDB02
:1033A00070BD10B5012000F021F8012000F012F8E6
:1033B000002000F01BF8002000F00CF810BD10B544
:1033C000002000F013F8012000F004F8012000F0C4
:1033D0000DF810BD10B5044622464FF48061024836
:1033E000FFF759F910BD0000000C014010B504466C
:1033F00022464FF400610248FFF74DF910BD00006E
:10340000000C0140704710B5002000F0B9F9E2202F
:1034100000F026F9012000F0B3F910BD10B500202E
:1034200000F0AEF9E12000F01BF9012000F0A8F94E
:1034300010BD000008B50121084600F06BFF012116
:103440001C48FFF7D3F80121042000F063FF01219D
:10345000082000F05FFF10208DF803004FF40140BA
:10346000ADF8000003208DF8020069461248FFF70E
:1034700032F82820ADF8000069461048FFF72BF815
:1034800048208DF803001020ADF8000003208DF8CF
:10349000020069460948FFF71EF8002000F064F9B1
:1034A000012000F06DF9002000F080F9002000F00C
:1034B00073F908BD0002300000080140000C014013
:1034C00010B5FFF7B7FF0821002000F079F93F2180
:1034D000012000F075F90121022000F071F90321AB
:1034E000084600F06DF90321042000F069F902217B
:1034F000052000F065F90E21062000F061F9202179
:10350000112000F05DF9052207490A2000F069F951
:10351000FFF784FFFFF777FF7021072000F050F9D5
:1035200000F088F810BD00003300002010B5102115
:103530000148FFF7A3F810BD000C014070B5044628
:10354000002000F01DF9204600F08AF8FF2000F06E
:1035500087F80546012000F013F9284670BD2DE9D3
:10356000F04104460E461746002000F009F92046B7
:1035700000F076F8002505E0FF2000F071F87055A6
:10358000681CC5B2BD42F7DB012000F0F9F8BDE8C8
:10359000F08170B505460E46002000F0F1F861207C
:1035A00000F05EF8002405E0FF2000F059F82855EF
:1035B000601CC4B2B442F7DB012000F0E1F870BD3A
:1035C00010B5002000F0DCF8FF2000F049F80446B8
:1035D000012000F0D5F8204610BD000070B5FFF7BF
:1035E000EFFF05460020FFF7A9FF064606F00200A0
:1035F00018B90324FFF764FF18E005F03000302805
:1036000003D10224FFF75CFF10E005F040004028E2
:103610000BD1012420210648FFF7BBFF40210720E2
:1036200000F0CEF8FFF7EFFE00E00024204670BD6A
:10363000D409002010B5002000F096F80020FFF714
:103640007DFF0446FF2C00D110BD44F00304214649
:10365000002000F0B5F8012000F086F800BFF3E785
:1036600070B50446002518E004F0800018B1012070
:1036700000F092F802E0002000F08EF86006040EE0
:10368000012000F093F8FFF751FF08B144F0010466
:10369000002000F08BF8681CC5B2082DE4DB204642
:1036A00070BD000070B505222049102000F099F887
:1036B00005221E490A2000F094F820211C4800F041
:1036C000AAF800F039F842F210761EE0FFF778FF12
:1036D0000446761E1EB90425FFF7F2FE16E004F03C
:1036E0003000302803D10325FFF7EAFE0EE004F096
:1036F0001000102803D10225FFF7E2FE06E004F0D7
:103700002000202801D1012500E0DFE700BF3021A3
:10371000072000F055F8FFF781FE052205490A2031
:1037200000F05FF8FFF786FF284670BD2E000020EE
:10373000B40900203300002010B5002000F014F878
:103740000020FFF7FBFE0446FF2C00D110BD44F023
:10375000020424F001042146002000F031F8012089
:1037600000F002F800BFF1E710B5044622464FF41E
:1037700080710248FEF78FFF10BD00000008014075
:1037800010B5044622464FF400410248FEF783FF7D
:1037900010BD00000008014010B50446224620215B
:1037A0000148FEF778FF10BD000C014010B504463B
:1037B000224608210148FEF76EFF10BD000C0140B3
:1037C00070B504460D460020FFF7DAFF44F02000F4
:1037D000FFF746FF2846FFF743FF0120FFF7D0FF22
:1037E00070BD2DE9F04105460E4617460020FFF753
:1037F000C7FF45F02000FFF733FF002404E0305DF1
:10380000FFF72EFF601CC4B2BC42F8DB0120FFF7BB
:10381000B7FFBDE8F08170B505460E460020FFF702
:10382000AFFFA020FFF71CFF002404E0285DFFF796
:1038300017FF601CC4B2B442F8DB0120FFF7A0FF01
:1038400070BD000070B5002100230F22C47804B3BE
:10385000154C246804F4E064C4F5E064210AC1F165
:103860000403CA40447804FA03F1847814402143E5
:1038700009010E4C0678A155047804F01F050124B7
:10388000AC4005786D11AD0005F1E025C5F80041AB
:1038900009E0047804F01F050124AC40044D0678CB
:1038A000761145F8264070BD0CED00E000E400E024
:1038B00080E100E002490143024A116070470000C4
:1038C0000000FA050CED00E000200CE0002106E00D
:1038D0000022064B03EBC0135A544A1CD1B2802974
:1038E000F6DB421CD0B20828F0DB7047B40500209C
:1038F0002DE9F04304460D4616461F46284638E09B
:10390000224631E0002A2DDB7F2A2BDC002829DB30
:103910003F2827DC4FEAE07C00EB5C7C4FEAEC0CB4
:10392000DFF8588008EBCC1C1CF802C003464FEAB5
:10393000E07800EB58784FEAE808A0EBC8094FF0B0
:10394000010808FA09F82CEA080C01464FEAE07869
:1039500000EB58784FEAE808DFF8209009EBC81828
:1039600008F802C0511C0AB2A1199142CADC411CDC
:1039700008B2E9198142C3DCBDE8F083B405002038
:103980002DE9FF4F86B0069E079CDDF82080DDF80C
:1039900024900020019000904C450FD1464502DD57
:1039A000B2464646D046354605E02146284600F058
:1039B000A3F8681C05B24545F7DD99E046450FD1EF
:1039C0004C4502DDA2464C46D146274605E0394625
:1039D000304600F091F8781C07B24F45F7DD87E0DC
:1039E000464505DDB2464646D046A2464C46D1463F
:1039F0004C4507DD604204B2C9F100000FFA80F9BE
:103A000001200190A9EB0400A8EB0601884207DD24
:103A1000B24626465446C246C846D14601200090CA
:103A2000A8EB060000B20590A9EB04000FFA80FB9A
:103A30004FEA4B0000B203900598ABEB000040004A
:103A400000B202900598C0EB4B0000B204903546DE
:103A50002746019838B1009828B1684201B238462B
:103A600000F04AF812E0019828B1784201B22846E5
:103A700000F042F80AE0009820B12946384600F0EC
:103A80003BF803E03946284600F036F82EE0681C83
:103A900005B20498002805DADDE90310084400B2F5
:103AA000049006E0781C07B202990498084400B21A
:103AB0000490019838B1009828B1684201B23846A4
:103AC00000F01AF812E0019828B1784201B22846B5
:103AD00000F012F80AE0009820B12946384600F0BC
:103AE0000BF803E03946284600F006F84545CEDBE2
:103AF0000AB0BDE8F08F000070B50346002B20DB54
:103B00007F2B1EDC00291CDB3F291ADCCC1701EBC4
:103B10005474E4100B4D05EBC414E45C0A46CD1755
:103B200001EB5575ED10A1EBC5060125B5402C4301
:103B30000846CD1701EB5575ED10024E06EBC51585
:103B4000EC5470BDB405002038B5002406E0002513
:103B500000E06D1CB5F57A7FFBD3641CB4F57A7F69
:103B6000F5D30121082000F0D5FB14208DF80300C7
:103B700003208DF802004FF48070ADF80000694614
:103B80000848FEF7A8FC4FF40070ADF80000694645
:103B90000448FEF7A0FC012000F09CFA012000F090
:103BA000A5FA38BD000C014070B50546002411E0AF
:103BB00080212141294009B1012100E0002108466E
:103BC00000F094FA012000F085FA002000F082FA5B
:103BD000601CC4B2082CEBDB012000F07BFA002053
:103BE00000F078FA70BD10B5012000F07FFA0120D6
:103BF00000F070FA002000F079FA002000F06AFA74
:103C000010BD10B5002000F071FA012000F062FA3A
:103C1000012000F06BFA10BD10B5FFF795FFAE2044
:103C200000F070FAD52000F06DFA802000F06AFAFA
:103C3000A82000F067FA3F2000F064FAD32000F0DB
:103C400061FA002000F05EFA402000F05BFAA1204B
:103C500000F058FAC82000F055FADA2000F052FAC5
:103C6000122000F04FFA812000F04CFACF2000F033
:103C700049FAD92000F046FAF12000F043FADB209F
:103C800000F040FA302000F03DFAA42000F03AFAAB
:103C9000A62000F037FA8D2000F034FA142000F04E
:103CA00031FAAF2000F02EFAFFF70EFE00F0FEF919
:103CB00010BD0FB470B5C2B005460E4614464AA8F2
:103CC000019002A8019A4999FCF740FB002001905D
:103CD000234602AA3146284600F006F942B070BCDD
:103CE0005DF814FB2DE9F04304460D4616461F46C9
:103CF000284638E0224631E0002A2DDB7F2A2BDCE3
:103D0000002829DB3F2827DC4FEAE07C00EB5C7CC5
:103D10004FEAEC0CDFF8588008EBCC1C1CF802C012
:103D200003464FEAE07800EB58784FEAE808A0EB4A
:103D3000C8094FF0010808FA09F88CEA080C014696
:103D40004FEAE07800EB58784FEAE808DFF8209077
:103D500009EBC81808F802C0511C0AB2A119914217
:103D6000CADC411C08B2E9198142C3DCBDE8F0831A
:103D7000B405002070B505460C4645F0B00000F0D3
:103D8000C1F9102141EA141000F0BCF904F00F0051
:103D900000F0B8F970BD0000F8B506460F461446AD
:103DA0001D46082D0CD1A4F120000E4901EB001096
:103DB0001023082239460090304600F017F80FE033
:103DC000062D0DD1A4F1200000EB4000064901EBC7
:103DD00040000823062239460090304600F006F8DD
:103DE000F8BD0000BE8A0008AE9000082DE9FF4F24
:103DF00080460E469146DDF834B0002500244A4640
:103E000031464046039BFFF773FD00BF5EE000258F
:103E100058E008EB0500002852DB08EB05007F287E
:103E20004EDC3046F11706EB5171C9100FB2F11795
:103E300006EB5171C910A6EBC10A002E05DA781EF7
:103E400007B20AF108000FFA80FA3819002817DBC8
:103E50003819072814DC3819224901EBC01008EB87
:103E60000501405C04FB09511BF8011001FA0AF13D
:103E7000084339191B4A02EBC11108EB05028854AB
:103E80003819401C00281BDB3819401C072817DC98
:103E90003819401C134901EBC01008EB0501405CC8
:103EA00004FB09511BF80110CAF108021141084333
:103EB0003919491C0B4A02EBC11108EB0502885461
:103EC000681CC5B24D45A4DB601CC4B20399481EF2
:103ED000C11700EB5171012202EBE101A14296DC16
:103EE000BDE8FF8FB40500202DE9FE4F07468A4646
:103EF000144698460025AB460026CBE0605D00F0F6
:103F0000800058B94FF0010B2846691C8DB2205C27
:103F10008DF8040000208DF805006BE0605D00F076
:103F2000E000C02814D14FF0020B2846691C8DB266
:103F3000205C8DF80400605D00B9AFE02846691C84
:103F40008DB2205C8DF8050000208DF8060051E050
:103F5000605D00F0F000E0281DD14FF0030B284613
:103F6000691C8DB2205C8DF80400605D00B995E09D
:103F70002846691C8DB2205C8DF80500605D00B993
:103F80008CE02846691C8DB2205C8DF8060000206C
:103F90008DF807002EE0605D00F0F800F02826D1D3
:103FA0004FF0040B2846691C8DB2205C8DF804008C
:103FB000605D00B972E02846691C8DB2205C8DF806
:103FC0000500605D00B969E02846691C8DB2205C7F
:103FD0008DF80600605D00B960E02846691C8DB26E
:103FE000205C8DF8070000208DF8080002E0681CB6
:103FF00085B24FE0BBF1010F0BD19DF80420B91938
:1040000008B243465146FFF7C7FE06EB080086B2EA
:104010003FE04FF000090EE009EB890101EB491187
:10402000204A881801A9FCF7D7F900B90EE009F178
:1040300001001FFA80F909EB890101EB4911194AC6
:10404000881819A1FCF7C8F90028E5D100BFB8F11C
:10405000080F12D109EB890000EB491011490844FF
:10406000401DB919009008B210231A465146FFF7B7
:10407000BDFE06F1100086B20BE0B8F1060F08D1C4
:10408000B91908B206233F225146FFF785FEB01D3D
:1040900086B200BF605D00287FF430AF00BFBDE88E
:1040A000FE8F0000E89200080000000010B5002418
:1040B0000BE000212046FFF75DFE054901EBC4102F
:1040C000802100F02FF8601CC4B2082CF1DB10BD79
:1040D000B405002010B5044622464FF48071024812
:1040E000FEF7D9FA10BD0000000C014010B50446DF
:1040F00022464FF400710248FEF7CDFA10BD0000D1
:10410000000C014010B50446FFF76DFD7820FFF765
:104110004BFD0020FFF748FD2046FFF745FDFFF768
:1041200070FD10BD70B505460E46FFF75CFD7820AA
:10413000FFF73AFD4020FFF737FD002404E0285D3B
:10414000FFF732FD601CC4B2B442F8DBFFF759FD43
:1041500070BD0021016041608160C160C161016288
:1041600041628162C162704770B50446E0692062B5
:10417000D4E9000104F0B2FBE061E169206904F0D8
:10418000AFFA60620021606904F0FAF909D0E169D0
:10419000606904F0A5FA0546A16A04F0C1F8A062BE
:1041A00001E00020A062216BA06A04F065FB01D24F
:1041B000206BA062616BA06A04F05EFA01D2606BB2
:1041C000A062D4E9010104F089FB0646A06980F0F1
:1041D00000453146284604F083FAE062D4E909013B
:1041E00004F09EF80546E16A04F09AF8E0600021C8
:1041F000E06804F041FB04D2A16BE06804F090F8A1
:10420000E0600021E06804F037FA04D2A16BE068B6
:1042100004F064FBE060216BE06804F02DFB01D248
:10422000206BE060616BE06804F026FA01D2606BFD
:10423000E0606068A06070BD00B589B001210846EB
:1042400000F058F80121042000F064F818208DF8DF
:1042500023000320ADF820008DF8220008A91C4897
:10426000FEF739F94FF0804000F0BEFD0020ADF8B8
:104270001A00ADF816006320ADF818002320ADF841
:10428000140000208DF81C0005A94FF0804000F0BC
:104290008BFE01A800F04CFE6020ADF80400002069
:1042A000ADF80C000120ADF806000020ADF80A00C2
:1042B00001A94FF0804000F09DFD01A94FF0804022
:1042C00000F0E4FD0121880700F0E4FC09B000BD26
:1042D0000008014010B5044621464FF0804000F030
:1042E00031FE10BD10B5044621464FF0804000F06D
:1042F0002BFE10BD29B1064AD2690243044BDA6194
:1043000004E0034AD2698243014BDA61704700003E
:104310000010024029B1064A92690243044B9A6197
:1043200004E0034A92698243014B9A61704700009E
:104330000010024030B500210022002400232D4D42
:104340006D6805F00C0121B1042905D0082923D19D
:1043500005E0294D056022E0274D05601FE0254D51
:104360006D6805F47012234D6D6805F480340225E4
:1043700005EB92421CB9214D554305600BE01D4DE4
:104380006D6805F400351DB11C4D5543056002E014
:10439000194D5543056002E0174D056000BF00BF91
:1043A000144D6D6805F0F0010909154D6B5C056849
:1043B000DD4045600F4D6D6805F4E061090A104D60
:1043C0006B5C4568DD4085600A4D6D6805F46051A1
:1043D000C90A0B4D6B5C4568DD40C560054D6D68D5
:1043E00005F44041890B074D6B5CC568B5FBF3F5DF
:1043F000056130BD0010024000127A0000093D0046
:10440000000000201000002010B50848008808496E
:10441000488008480088888007480088C880064887
:104420004088088100F086FA10BD0000440000209A
:10443000B401002056000020600000202DE9F04F5C
:10444000AFB050211BA8FBF7A0FF502107A8FBF736
:104450009CFF0024FFF738FA6DA3082200210846CC
:10446000FFF727FC6FA3082210210020FFF721FC93
:1044700071A3082220210020FFF71BFC74A308224F
:1044800030210020FFF715FC9DE008210320FEF7F6
:10449000C7FB10B1FEF7D6FB96E020210320FEF704
:1044A000BFFB20B1FEF7CEFB2FB0BDE8F08F6E480A
:1044B0006E496F4B6F4ACDE900106F496F48FEF7A8
:1044C000BBFD6C48B0F9000003F0F2FC07468846DB
:1044D0006A48B0F9000003F0EBFC3A464346CDE9E8
:1044E000000101F063FD81F00041654A654BCDE9B3
:1044F000020103F085FB05460022634B03F0F0FC4C
:10450000CDE9040103F09AFA604908605748B0F910
:10451000000004F085F81BA941F824005B480068FE
:1045200007A941F82400601CC4B2142094FBF0F1E8
:1045300000FB1140C4B24FF0000B00200690002594
:104540000FE01BA850F82510584603F0E9FE8346FB
:1045500007A850F82510069803F0E2FE0690681CA4
:10456000C5B2142DEDDB584603F0AEFE074600221F
:10457000474B03F045FB054603F060FA8146069879
:1045800003F0A2FE07460022414B03F039FB05462B
:1045900003F054FA8246484603F096FE3DA30822F3
:1045A000CDE9000100210846FFF783FB504603F0E8
:1045B0008BFE3BA30822CDE9000110210020FFF76C
:1045C00078FBFFF773FD60E700BF39A308222021C5
:1045D0000020FFF76EFB3CA3082230210020FFF7EC
:1045E00068FBFFF763FD4FF4FA60FDF708FE89F002
:1045F0000045284603F0F8FF00B2384908808AF0E9
:10460000004037490860FFF7FFFE00BF4CE700009D
:1046100047593A2B30303030302E30302020202097
:1046200000000000416E676C653A2B3030302E3050
:10463000302020200000000020E4BF9DE68C81E7B0
:10464000AB96E79BB4E4B894E99D99E6ADA220004F
:104650002020E58D95E587BB4B34E994AEE7A1AE0C
:10466000E8AEA42020000000500000204E000020F2
:104670004C0000204A000020480000204600002096
:1046800044174154FB210940008066405C00002033
:104690000000344047593A252B30392E326600004D
:1046A000416E676C653A252B30372E32660000006C
:1046B00020202020E6A0A1E58786E5AE8CE6889044
:1046C000202020200000000020202020202020206A
:1046D0002020202020202020000000005600002064
:1046E000600000200148007870470000380000207A
:1046F00005480078012804D10020034908700120F2
:1047000070470020FCE700003900002000B587B0AA
:1047100001218803FFF7FEFD01210420FFF7FAFDC8
:1047200018208DF81B004FF40070ADF8180003201E
:104730008DF81A0006A92148FDF7CDFE48208DF816
:104740001B004FF48060ADF8180003208DF81A00AC
:1047500006A91A48FDF7BFFE4FF41650029000203C
:10476000ADF814000C20ADF812000020ADF81000D8
:10477000ADF80E00ADF80C0002A9114801F010FAD6
:10478000012240F225510E4801F0E4F94FF4A060F7
:10479000FFF790F825208DF8040001208DF8070020
:1047A0008DF805008DF8060001A8FFF74BF80121F0
:1047B000034801F08CF907B000BD0000000801407B
:1047C0000038014010B504462146054801F059FA69
:1047D00000BF8021024801F086F90028F9D010BD01
:1047E0000038014010B500F001F810BD0CB50020F4
:1047F000019000903348006840F4803031490860EF
:1048000000BF3048006800F4003000900198401C60
:104810000190009818B90198B0F5A06FF1D129481E
:10482000006800F4003010B10120009001E0002089
:1048300000900098012843D12348006840F0100000
:10484000214908600846006820F003000860084617
:10485000006840F0020008601A4840681949486042
:104860000846406848600846406840F480604860F8
:104870000846406820F47C1048600846406840F4D0
:10488000E81048600846006840F08070086000BF8B
:104890000C48006800F000700028F9D00948406812
:1048A00020F00300074948600846406840F00200D5
:1048B000486000BF0348406800F00C000828F9D1A8
:1048C0000CBD0000001002400020024070B5002521
:1048D0001648FEF7EDFC4BF2B551884215D013484F
:1048E000FEF7D0FC4BF2B5511048FEF7D5FC012481
:1048F00007E00E4901EB44000021FEF7CDFC601CEF
:1049000084B2B4F5007FF4DB0125002409E00749F7
:1049100001EB4400FEF7CCFC054921F81400601CB3
:1049200084B2B4F5007FF2DB284670BD00FC0008BD
:10493000B401002010B50948FEF7A4FC002409E0EA
:10494000074A32F81410054A02EB4400FEF7A4FCB3
:10495000601C84B2B4F5007FF2DB10BD00FC0008DF
:10496000B401002010B500BF502080F31188BFF3C0
:104970004F8FBFF36F8F00BF02F07CFD18B14FF077
:1049800080500449086000BF002080F3118800BFF8
:1049900010BD000004ED00E010B51348006840F0C1
:1049A00001001149086008464068104908400E4956
:1049B0004860084600680E4908400B4908600846F0
:1049C000006820F4802008600846406820F4FE005B
:1049D00048604FF41F008860FFF704FF4FF000604D
:1049E0000449086010BD0000001002400000FFF8FC
:1049F000FFFFF6FE08ED00E0F0B50C46154600227C
:104A00000021068C4FF6FE773E400684028B018C17
:104A10004FF60C7632407E1C06EA03162E433243D4
:104A2000104EB0420ED0104EB0420BD0B0F1804FBD
:104A300008D00E4EB04205D00D4EB04202D00D4E01
:104A4000B04206D14FF6FD76314044F001063143C5
:104A500005E04FF6F576314044F00106314302831C
:104A60000184F0BD002C01400034014000040040EE
:104A700000080040000C0040F0B50C46154600222E
:104A800000210026078C4FF6EF7C07EA0C0707840D
:104A9000028B018C4FF6FF7707EA041640F6FF47BA
:104AA0003A404FF6FF7707EA03373A434FF6FF776E
:104AB00007EA05273A43114FB8420ED0104FB842CB
:104AC0000BD0B0F1804F08D00E4FB84205D00E4F3A
:104AD000B84202D00D4FB84206D14FF6DF773940C9
:104AE00046F01007394305E04FF65F77394044F050
:104AF0001007394302830184F0BD0000002C0140FF
:104B0000003401400004004000080040000C004058
:104B1000F0B50C461546002200210026078C4FF602
:104B2000FF6C07EA0C070784828B018C4FF6FF7736
:104B300007EA04264FF60C773A404FF6FF7707EA6C
:104B400003172F433A43114FB8420ED0104FB842CB
:104B50000BD0B0F1804F08D00E4FB84205D00E4FA9
:104B6000B84202D00D4FB84206D14FF6FF57394038
:104B700046F48077394305E04FF2FF57394044F45B
:104B80008077394382830184F0BD0000002C01400E
:104B9000003401400004004000080040000C0040C8
:104BA000F0B50C461546002200210026078C4EF673
:104BB000FF7C07EA0C070784828B018C4FF6FF7796
:104BC00007EA043640F6FF473A404FF6FF7707EA18
:104BD00005273A434FF6FF7707EA03373A43114F69
:104BE000B8420ED0104FB8420BD0B0F1804F08D071
:104BF0000E4FB84205D00E4FB84202D00D4FB8420A
:104C000006D14DF6FF77394046F48057394305E029
:104C100047F6FF57394044F4805739438283018473
:104C2000F0BD0000002C01400034014000040040B1
:104C300000080040000C004008B500200090012151
:104C40000E4800F057F8012817D101210B4800F059
:104C50001EF80B48006880B169460948006802F0F8
:104C600029FA00BF009838B14FF08050054908601C
:104C7000BFF34F8FBFF36F8F00BF08BD002C014003
:104C80004401002004ED00E0CA4302827047CA4399
:104C90000282704721B1028842F00102028004E0E2
:104CA00002884FF6FE731A4002807047F0B50C463A
:104CB00015461E460021002200230189028B038C29
:104CC0004FF6F877394021434FF6FC473A4040F21F
:104CD00001173A434FF6DD773B404FF6FF7707EA7F
:104CE00006172F433B43018102830384F0BD014635
:104CF000888C704730B50246002000230024158AB6
:104D000005EA0103958905EA010413B10CB10120FC
:104D100000E0002030BD000070B505460C46244878
:104D200085420ED0234885420BD0B5F1804F08D084
:104D30002148854205D02148854202D0204885423D
:104D400000D100E000BF208850B92389A288618883
:104D50002846FFF751FEE188284600F0F9F825E0E3
:104D6000208804280AD12389A28861882846FFF771
:104D700083FEE188284600F0F4F817E02088082830
:104D80000AD12389A28861882846FFF7C1FEE188FD
:104D9000284600F0F3F809E02389A28861882846B4
:104DA000FFF7FEFEE188284600F0F1F870BD000034
:104DB000002C014000340140000400400008004085
:104DC000000C0040002101804180012181800021F0
:104DD000C180018170471AB183890B43838102E04E
:104DE00083898B438381704701894FF6F8721140A4
:104DF0000181704770B5002400220023058C4FF616
:104E0000FE7635400584028C8388048B4FF68F75BF
:104E10002C40B51E2C400D882C43751E2A400D8950
:104E20002A434D882A43144DA8420BD0134DA84263
:104E300008D0134DA84205D0124DA84202D0124D01
:104E4000A84213D14FF6F7752A404D892A434FF6F1
:104E5000FB752A408D882A434FF6FF652B404FF69D
:104E6000FF552B408D892B43CD892B4383800483B1
:104E7000CD888586028470BD002C0140003401403D
:104E800000400140004401400048014070B500244A
:104E900000220023058C4FF6EF7635400584028C06
:104EA0008388048B48F6FF752C404FF6FF452C4055
:104EB0000D884FF6FF7606EA05252C434FF6DF7581
:104EC0002A400D8906EA05152A434D8806EA05158C
:104ED0002A43154DA84202D0144DA8421DD14FF6C9
:104EE0007F752A404D894FF6FF7606EA05152A435D
:104EF0004FF6BF752A408D8806EA05152A434FF6FE
:104F0000FF352B404FF2FF752B408D8906EA850552
:104F10002B43CD8906EA85052B4383800483CD8806
:104F20000587028470BD0000002C01400034014060
:104F30000021018041808180C18001814181818186
:104F4000C1817047818670470187704781847047AF
:104F5000028B4FF6F3731A400283028B0A430283DB
:104F60007047028B4FF2FF331A400283028B4FF6D9
:104F7000FF7303EA01231A4302837047828B4FF6C3
:104F8000F3731A408283828B0A4382837047828B39
:104F90004FF2FF331A408283828B4FF6FF7303EA8E
:104FA00001231A4382837047002202881D4B9842D6
:104FB0000ED01D4B98420BD0B0F1804F08D01B4B48
:104FC000984205D01A4B984202D01A4B984204D10D
:104FD0004FF68F731A404B881A43174B984207D0ED
:104FE000164B984204D04FF6FF431A40CB881A4321
:104FF00002808B8883850B8803850A4B98420BD0EF
:10500000094B984208D00E4B984205D00D4B984260
:1050100002D00D4B984201D10B7A03860123838283
:1050200070470000002C01400034014000040040A3
:1050300000080040000C0040001000400014004038
:1050400000400140004401400048014000BFFDF71E
:1050500025F8002844D0FCF7C9FF78A17A48FBF76F
:10506000BBF900283DD178481430FBF781F947B2ED
:1050700075482830FBF77CF944B273483C30FBF7A5
:1050800077F945B270485030FBF772F94FFA80F863
:10509000FCF769FE6D48008803F0DAFA8146204685
:1050A00003F0BEFA82466A4903F0A8F9064649466B
:1050B00003F016FB674908606448008803F0C8FAEB
:1050C0008146284603F0ACFA8246614903F096F91E
:1050D0000646494603F004FB5F490860FCF747FEBB
:1050E0003DE05EA15848FBF777F9002837D15CA175
:1050F00055481430FBF770F960B95AA1524828306E
:10510000FBF76AF930B95848007840F00800564972
:10511000087024E055A14C481430FBF75DF960B9E4
:1051200050A149482830FBF757F930B94E4840782C
:1051300040F008004C49487011E04DA1424814303D
:10514000FBF74AF958B947A13F482830FBF744F923
:1051500028B94548807840F0080043498870FEF738
:105160003DFA012866D143480078012816D1002075
:105170004149087035480088487040480078887078
:105180003F480078C8703F48006848603E48006863
:1051900088603E480068C860FEF784FA3548807829
:1051A00045B23448C07846B232484479FCF7DBFD5A
:1051B0002648008803F04CFA8046284603F030FA6F
:1051C0008146234903F01AF90746414603F088FA5D
:1051D000204908601D48008803F03AFA80463046AE
:1051E00003F01EFA81461A4903F008F907464146C2
:1051F00003F076FA18490860FCF7B9FD04F00100E5
:1052000028B11948807840F008001749887004F0E8
:10521000020028B11448407840F008001249487054
:1052200004F0040028B11048007840F008000E494E
:10523000087000BF0A2001F0A3FC08E76A6F7973C9
:105240007469636B00000000BC0A00204400002069
:105250000000C842CC000020080100206B657900E6
:1052600031000000757000001400002032000000C2
:1052700033000000D4090020B40900208C00002075
:105280008E000020700000207400002078000020B4
:105290001CB500BF4FF0FF31D648006801F094FF05
:1052A000FDF72AFDD448007800B1F3E7D348008821
:1052B000401CD2490880084600880A287DDB00206F
:1052C0000880CF48CF49D04BD04ACDE90010D04913
:1052D000D048FDF7B1FECB480088CF490988084483
:1052E00000B2CE490880C948B0F9000002F0E0FDE4
:1052F00004460D46C748B0F9000002F0D9FD064645
:1053000022462B4600F052FE81F0004180464FF0CD
:10531000C042C34B02F074FC82460022C14B02F033
:10532000DFFDCDE9000102F089FBBF490860BB4801
:10533000B0F9000003F074F906464FF08E4103F017
:105340005DF80546B94903F0CBF90446B84903F0C6
:10535000C7F9B8490860B8480168B348006802F066
:10536000DFFFB6490860B64C21464FF07E5003F08F
:10537000B5FA0746B1480168384603F0B1F9054669
:10538000B0480168204603F0ABF90646294602F012
:10539000C7FFAC490860A7480168AB48006802F045
:1053A000BFFFA9490860A948006802F08DFF21F0FD
:1053B000004180460022A64B00E044E002F020FCC1
:1053C0000646A207A34B02F08BFD04464FF0804235
:1053D000A14B02F065FBCDE9000102F02FFB8246F4
:1053E0009E49504603F048FA01D2DFF870A25146B8
:1053F0004FF07E5003F072FA06469348016830463B
:1054000003F06EF904468F480168504603F068F9CE
:105410000546214602F084FF8B49086090498A487E
:10542000006803F029FA05D38E498748006803F025
:1054300023F908D28C48007828B100208A490870E6
:1054400001208A4908708A480088401C88490880E1
:1054500008460088322836DB002008800120FCF74F
:10546000F5FE064603F0DCF80546824902F0C6FF69
:105470000446814902F0C2FF804908600220FCF71F
:10548000E5FE064603F0CCF805467A4902F0B6FF81
:105490000446794902F0B2FF79490860084601687C
:1054A0007648006802F03CFF04464FF0804102F06D
:1054B000A5FF74490860724801687048006803F0ED
:1054C0000DFA624908606848007800287ED06E486E
:1054D0000088401C6C490880084600880A2858DB70
:1054E0000020088058480068684948600846FEF770
:1054F0003BFE6648C06880F000406549086065482A
:1055000001686348006802F00BFF044603F06CF882
:1055100000B2614908805F4801685D48006803F097
:10552000DDF9044603F060F800B25C4908805A488F
:10553000B0F90000642803DD64205749088009E0C1
:105540005548B0F9000010F1640F03DA6FF0630002
:10555000514908805148B0F90000642803DD6420F7
:105560004E49088009E04D48B0F9000010F1640F81
:1055700003DA6FF06300494908804748B0F900102A
:105580000120FDF73BFE4548B0F900100220FDF771
:1055900035FE43480088401C414908800846008881
:1055A000322826DB00200880FCF7DDFB3548006848
:1055B0003C4948600846FEF7D7FD3A48C068334981
:1055C0000860224800683849486000E009E0084661
:1055D000FEF7CAFD3448C0682E490860FCF7C7FBD7
:1055E00007E000210120FDF709FE00210220FDF760
:1055F00005FE4FE644010020420000204801002043
:10560000500000204E0000204C0000204A000020E6
:1056100048000020460000205600002058000020CE
:10562000FB210940008066405C0000200000FA4435
:105630000AD7233C6C00002060000020640000209A
:10564000CDCC4C3F6800002070000020800000207E
:1056500000001440E17A943FE17A743F0AD7A33CFA
:1056600000004842000048C24000002041000020E5
:105670004A0100200000CC43CDCC4C3D74000020FA
:10568000780000207C0000204C01002090000020C9
:1056900084000020880000208C0000208E00002064
:1056A0004E010020CC0000200801002092B000BF75
:1056B0009348007810B1FDF79BFC01E0FDF78EFCEC
:1056C00008210020FDF7ACFAD8B18D48007880B9E8
:1056D0008C48FEF73EFD8C48FEF73BFD8B48FEF7FD
:1056E00038FD8B4800688B490860012084490870A8
:1056F00002E00020824908708148017886A0FCF70A
:105700002BFC8948007838B10020874908707C4814
:10571000017881A0FCF720FC08210120FDF780FA28
:1057200078B182480088012806DD80480088401E44
:105730007E490880FEF768FE7C4801887CA0FCF763
:105740000BFC08210220FDF76BFA78B1774800883E
:10575000062806DA75480088401C74490880FEF760
:1057600053FE7248018872A0FCF7F6FB0821032063
:10577000FDF756FA98B10120714908700020604980
:10578000087000210120FDF739FD00210220FDF7FE
:1057900035FDFDF723FCFDF755FAFCF7BDFC684825
:1057A000007800287ED1FCF7DEFA5648D0F800A039
:1057B0005548D0F800B05548006811905548006829
:1057C0001090604800680F905F4800680E904D4848
:1057D000C0680D904C48C0680C904C48C0680B9055
:1057E0005A48B0F900000A905948B0F900000990F1
:1057F0005848006808905848006807904B4800884F
:105800000690FCF7B4FA55A3062200210846FEF7DD
:1058100050FA119802F058FD04460D46584602F021
:1058200053FD06460F46504602F04EFD50A3062299
:105830008DE8C300CDE904450A210020FEF739FABE
:105840000E9802F041FD04460D460F9802F03CFD13
:1058500080468946109802F037FD45A306228DE860
:105860000303CDE9044512210020FEF722FA0B982C
:1058700002F02AFD04460D460C9802F025FD06466E
:105880000F460D9802F020FD39A306228DE8C300D3
:10589000CDE904451A210020FEF70BFA24237F22CC
:1058A000194600E027E00020FEF76AF8DDE909105C
:1058B00035A30622CDE9000128210020FEF7F9F9E1
:1058C000079802F001FD04460D46089802F0FCFC22
:1058D00033A306228DE8330030210020FEF7E9F9DA
:1058E000069836A30622382100900020FEF7E1F941
:1058F000FEF7DCFB00BF322001F042F9D8E60000E1
:105900004000002090000020CC0000200801002072
:10591000680000207000002052756E466C61673D83
:1059200025640D0A00000000410000204400002012
:1059300053706565644C6576656C3D25640D0A00A1
:10594000420000207C000020800000208C0000200D
:105950008E0000207400002078000020416E676CEB
:10596000652020537065656420205475726E0000B8
:10597000252B30362E316620252B30362E316620F1
:10598000252B30362E31660050574D4C3A252B30A2
:1059900035642050574D523A252B303564000000B5
:1059A0005370644C3A252B30352E31662053706489
:1059B000523A252B30352E31660000005370644C6E
:1059C0006576656C3A253164000000001FB5012141
:1059D000C802FEF79FFC1B48FFF706FA0020ADF84F
:1059E0000A00ADF8060040F2E730ADF808004720A5
:1059F000ADF8040000208DF80C0001A91148FFF754
:105A0000D3FA01210F48FFF73FF9012211460D4853
:105A1000FFF7E1F94FF44070FDF74CFF19208DF8C6
:105A2000000001208DF8030006208DF80100002001
:105A30008DF802006846FDF705FF01210148FFF7D8
:105A400029F91FBD002C014010B540F2255109482D
:105A500000F056F801280CD1064800F00DF906496F
:105A6000087001200549087040F22551014800F0F6
:105A70001FF810BD00380140380000203900002018
:105A800010B540F22551094800F03AF801280CD130
:105A9000064800F0F1F8C4B22046FCF7EBF940F2FA
:105AA0002551024800F004F800BF10BD004400403A
:105AB00010B50022002340F66A14A14200D100BFB5
:105AC0000A1201249440A3B2DC43048010BD21B12A
:105AD000828942F40052828104E082894DF6FF738C
:105AE0001A408281704702460020B1F5007F00D144
:105AF00000BF13880B400BB1012000E0002070476D
:105B000070B50246002400230025002040F66A16E6
:105B1000B14200D100BFC1F3421501F01F030126BD
:105B200006FA03F3012D02D19689334006E0022DD7
:105B300002D1168A334001E0968A33400C120126C6
:105B400006FA04F41688344013B10CB1012000E0C9
:105B5000002070BDF0B5034600240026002500207B
:105B600040F66A17B94200D100BF1846C1F342148B
:105B700001F01F06012707FA06F5012C01D10C30B0
:105B800004E0022C01D1103000E014301AB1076893
:105B90002F43076002E00768AF430760F0BD0000D5
:105BA0002DE9F04786B005460E460024A24600BF08
:105BB000A1460027B08900B100BF2F462C8A4CF6C1
:105BC000FF700440F08804432C82AC894EF6F31039
:105BD0000440B08831890843718908430443AC818B
:105BE000AC8A4FF6FF400440B0890443AC8201A860
:105BF000FEF7A0FB1F48874202D1DDF810A001E0AC
:105C0000DDF80CA0A88900F4004040B10AEBCA00FE
:105C100000EB0A1031684900B0FBF1F807E00AEB2D
:105C2000CA0000EB0A1031688900B0FBF1F864206B
:105C3000B8FBF0F004012009642101FB1089A88958
:105C400000F4004040B1322000EBC900B0FBF1F09D
:105C500000F00700044308E0322000EB0910642143
:105C6000B0FBF1F000F00F0004432C8106B0BDE85A
:105C7000F08700000038014001468888C0F3080022
:105C80007047C1F308028280704700BFFEE74900F9
:105C900050EAC12018BF04204A0D18BF40F001008F
:105CA00040F2FF72B2EB515F08BF40F002000128E2
:105CB00008BF052070472DE9F0414F1E00EBC701DA
:105CC0000446D1E9000115461E4637F006020DD004
:105CD0002A46334602F004F97F1E04EBC703D3E9DA
:105CE000002301F0DDFE37F00602F1D1022F25D0AE
:105CF000042F13D0062F18BFBDE8F0812A46334683
:105D000002F0EEF8D4E90A2301F0CAFE2A4633462F
:105D100002F0E6F8D4E9082301F0C2FE2A46334631
:105D200002F0DEF8D4E9062301F0BAFE2A46334633
:105D300002F0D6F8D4E9042301F0B2FE2A46334635
:105D400002F0CEF8D4E9022301F0AAFE2A46334637
:105D500002F0C6F8D4E90023BDE8F04101F0A0BE8E
:105D6000012202F066BE01F09BBE0000024A002044
:105D7000110702F05EBE000001FDFFFF30380A2867
:105D800001D2012070470020704700002DE9F84F34
:105D900004460D4621F0004000917349814211DC18
:105DA0007249884201DC06D12CB120462946BDE863
:105DB000F84FFFF7D5BF6E48002DCCBF6D496E4937
:105DC000BDE8F88F6D49814211DD6D498142D8BF30
:105DD0004FF0FF366DDD20462946FFF758FF0428B7
:105DE00008BFFFF7C3FF20462946BDE8F88F654985
:105DF000654F25F00045814233DD6449814219DD5C
:105E0000002632464FF080432046294601F048FEE6
:105E100080468A4601222046294602F00AFE0022D8
:105E20003B4602F067F94246534601F0E9FE04465C
:105E30000D463EE001260022BA463B462046294652
:105E400001F02EFE80460F4600225346204629468A
:105E500002F050F942463B4601F0D2FE04460D46A0
:105E600027E04B4981421BDDDFF828A102260022F2
:105E700053462046294602F033F800223B4601F003
:105E80000FFE80460F46002253462046294602F068
:105E900031F942463B4601F0B3FE04460D4608E0A8
:105EA000032622462B4600203B4901F0A9FE04466A
:105EB0000D4622462B461046194602F011F88B4635
:105EC000824602460B4602F00BF80746024633486C
:105ED00088460B4606217844FFF7EDFE52465B46A6
:105EE00001F0FEFF82462E488B463A464346052186
:105EF0007844FFF7E0FE3A46434601F0F1FF0246E0
:105F00000B46002E504659460CDA01F0C9FD2246D8
:105F10002B4601F0E5FF01B022462B46BDE8F04FCD
:105F200002F0DCB801F0BCFD22462B4601F0D8FFA0
:105F30001C4A7A4402EBC603D3E9002302F0DAF8E4
:105F400022462B4602F0D6F8174A7A4402EBC603E3
:105F5000D3E9002302F0C2F8009A002AB8BF81F00A
:105F60000041BDE8F88F0000000010440000F07F01
:105F7000182D4454FB21F93FFB21F9BF0000DC3F01
:105F80000000203E0000F33F0000F03F0000E63F2D
:105F9000008003400000F83F0000F0BF863D000095
:105FA000443D0000E23C0000AA3C00002DE9F04D19
:105FB0009446CCF1000423F000464CEA0404524F0E
:105FC00046EAD4749A46884621F00042BC4206D87C
:105FD000454240EA050442EAD474BC4204D9BDE813
:105FE000F04D6246FFF7BFBEAAF14055A5F17F65AF
:105FF00055EA0C040BD0022404EAAA74434DDFF8DE
:1060000010E144EAD87452EA000B04D00CE0BDE879
:10601000F04DFFF7BBBE002C14BF012CBDE8F08D86
:10602000022C30D0032C32D056EA0C0B0AD0BE42E0
:1060300020D1BA4209D126F0804622F08042334670
:10604000114617E000291ADB25E0DFF8C8B0FB4451
:10605000002C04BFDBE90001BDE8F08D012C02BF7C
:10606000DBE9000181F00041BDE8F08D022C0AD08F
:10607000032C0CD0BA4212D1B8F1000F0BDA23482E
:106080002549BDE8F08D28462449BDE8F08D284615
:106090007146BDE8F08D1D482149BDE8F08D921B89
:1060A00012153C2AC4BF19481D490EDCBAF1000F75
:1060B000BEBF12F13C0F0020014606DB624601F034
:1060C0009FFD21F00041FFF761FE002C08BFBDE8F5
:1060D000F08D012C04BF81F00041BDE8F08D114A24
:1060E000114B022C07D002F005F82A46BDE8F04D0E
:1060F0000A4B01F0FFBF01F0FDFF2A46BDE8F04D5D
:10610000064B01F0EBBF00000000F07F182D445457
:10611000FB2109C03E3C0000FB21F9BFFB210940E7
:10612000FB21F93F075C143326A6A13C4FF44070D5
:10613000FDF7C0FBFDF770FDFCF736FFFCF7BAFD7D
:10614000FDF744F8FCF7A2F8FCF7BCFFFBF798FE5C
:10615000FEF7DCFAFDF7B4F9FFF738FCFDF7B4FB06
:10616000082331A200210846FDF7BEFE082334A211
:1061700010210420FDF7B8FE082336A220210020BC
:10618000FDF7B2FE082338A230210020FDF7ACFE57
:10619000FDF78CFF04E0FCF7AFFD0120FCF72FF8C2
:1061A00008210320FCF73CFD0028F4D0FCF74AFD51
:1061B000FEF78CFB00282BD0FEF726F9FDF784FBB9
:1061C00008232EA200210846FDF78EFE082330A2E8
:1061D00010210020FDF788FE082333A22021002093
:1061E000FDF782FE082320A230210020FDF77CFE6F
:1061F000FDF75CFF04E0FCF77FFD0120FBF7FFFFEC
:1062000008210320FCF70CFD0028F4D0FCF71AFD50
:10621000FCF7F8FEFDF758FBFBF7FAFDFBF7ACFDCA
:1062200000F090FD00BFFEE72020205BE6B19FE577
:106230008D8FE7A791E68A805D2020200000000076
:1062400020E5B9B3E8A1A1E8BDA620467265655274
:10625000544F530020202020202056312E30202063
:1062600020202020000000002020202020202020AE
:1062700020202020204B343E000000002020202041
:10628000205BE68F90E7A4BA5D202020202000004C
:10629000202020E5B7B2E9878DE7BDAEE58F82E625
:1062A00095B020202000000020E8AFB7E6B3A8E6B4
:1062B000848FE689A7E8A18CE6A0A1E58786200067
:1062C0002DE9F04105460E4621480768214800683F
:1062D000001D00F03BFB681CE0B9DEB100BF1E49A9
:1062E00048681C49096888601A4982680968CA6058
:1062F00018490968091D8268516016490968091D15
:106300008160154A134909684A6111460968491CA8
:1063100011601AE07C190F4800684460BC4207D243
:106320000C480168091D0D48006800F039FB0CE0BD
:1063300008480168091D0A48006800F031FB094857
:106340000068844201D207480460BDE8F081000083
:106350006001002050010020D40B002058010020D3
:10636000540100207C01002010B5044600F032FBEF
:1063700032480068401C314908603148006840B923
:106380002F4804600846006801280DD100F030F95C
:106390000AE02C48006838B929480068C06AE16AF8
:1063A000884201D82648046027480068401C2649D6
:1063B000086000BF00BF2549E06A0968884202D929
:1063C0002249E06A086000BF00BFE16A01EB810179
:1063D0001F4A02EB81014868A0608268E260211DCB
:1063E000826851608160E16A01EB8101184A02EB29
:1063F00081026261E16A01EB8101154A52F82110C4
:10640000491CE26A02EB8202114B43F8221000BFE2
:1064100000BF00F009FB0B48006868B1084800683D
:10642000C06AE16A884207D24FF08050094908608B
:10643000BFF34F8FBFF36F8F10BD00005C010020D2
:106440005001002068010020780100206401002034
:10645000340B002004ED00E0704701464A6A22B187
:106460000A6B1268C2F1050000E0002070470000CE
:1064700030B54FF40053154800F007042CB1C01D8F
:1064800020F00700114C041B1B1B0246104C22601D
:1064900000240F4D6C60D018083820F007000D4C18
:1064A000206000240B4D2D686C600A4D2D682C6017
:1064B0001146441A4C60074C24680C60064D4C6829
:1064C0002C60064D4C682C6030BD0000E80B0020AD
:1064D0008C010020940100209C01002098010020E4
:1064E00000BFFFF7B9FF064800680128F9D94FF04F
:1064F000805004490860BFF34F8FBFF36F8FF0E700
:10650000340B002004ED00E02DE9F04106460D4675
:1065100017469846069C0DB9246000E02760E663A4
:1065200025640121204600F057FDBDE8F0812DE9EA
:10653000FF5F81460F469246DDE90E6B109CAAF183
:106540000100216B01EB800828F0070808F0070024
:1065500008B9012000E0002050B900BF502080F3AE
:106560001188BFF34F8FBFF36F8F00BF00BFFEE7EF
:106570007FB1002507E0795D04F134004155785D75
:1065800000B902E06D1C0C2DF5D300BF00213F20A7
:106590000155052E01D2012000E0002050B900BFB6
:1065A000502080F31188BFF34F8FBFF36F8F00BF70
:1065B00000BFFEE7052E00D30426E6622664201DF8
:1065C00000F0EBF904F1180000F0E7F92461C6F1DE
:1065D0000500A061646249464046039A00F0A4F9B0
:1065E0002060BBF1000F01D0CBF80040BDE8FF9F59
:1065F00010B5002407E004EB84010D4A02EB810092
:1066000000F0BEF9641C052CF5D30A4800F0B8F977
:10661000094800F0B5F9094800F0B2F9084800F05F
:10662000AFF904480749086003480749086010BDEE
:10663000340B0020980B0020AC0B0020C00B002076
:10664000D40B0020540100205801002010B5014651
:10665000164800E0006803688B42FBD3024643689B
:1066600013448B4204D143684C6823444360014681
:106670000A464B6813440468A34211D10C4C0368CA
:106680002468A34208D04B680468646823444B60C4
:1066900003681B680B6005E0054B1B680B6001E09D
:1066A00003680B60884200D0016010BD8C0100209F
:1066B0009401002070B5054600F08CF9A86B08B96C
:1066C000012400E0002400F0AFF9204670BD000076
:1066D00009480068006808B9012000E0002020B1E6
:1066E0004FF0FF300549086005E003480068C068C6
:1066F0000068024908607047540100207C010020B6
:106700000E480068401C08B9012000E0002050B984
:1067100000BF502080F31188BFF34F8FBFF36F8FFE
:1067200000BF00BFFEE700BF502080F31188BFF319
:106730004F8FBFF36F8F00BF00BFFEE7A80100209F
:1067400070B5044600F046F994F9455010E0606ACF
:1067500008B9012000E0002038B904F1240000F05D
:10676000DFFF18B100F046FA00E003E0681E45B212
:10677000002DECDC00BFFF2084F8450000F054F948
:1067800000F028F994F9445010E0206908B901207C
:1067900000E0002048B904F1100000F0C1FF08B18A
:1067A00000F028FA681E45B200E001E0002DECDCA4
:1067B00000BFFF2084F8440000F036F970BD0000EF
:1067C0002DE9F04704464FF0000900F003FB49486B
:1067D000006808B9FFF74CFEDCB114F1090F01D9CC
:1067E000012000E0002098B9083404F0070080B1CF
:1067F00004F00700C0F10808C8F1FF30A04201D240
:10680000012000E0002008B9444402E0002400E038
:106810000024012000EBE470002853D0002C51D05C
:106820003548006884424DD8344E3046056801E052
:106830002E462D686868A04202D228680028F7D149
:106840002C48006885423DD0306800F1080928686E
:1068500030606868001B102819D92F1907F007004D
:1068600008B9012000E0002050B900BF502080F39B
:106870001188BFF34F8FBFF36F8F00BF00BFFEE7DC
:106880006868001B78606C603846FFF7DFFE1A49C5
:1068900068680968081A18490860084600681849B5
:1068A0000968884203D2144800681549086068687E
:1068B00040F0004068600020286012480068401CDA
:1068C0001049086000F0C6FF09F0070008B9012070
:1068D00000E0002050B900BF502080F31188BFF3C2
:1068E0004F8FBFF36F8F00BF00BFFEE74846BDE884
:1068F000F087000094010020980100208C01002006
:106900009C010020A00100200648006830B1054924
:10691000096801F14400496C491C016001480068A4
:106920007047000050010020001F4FF0807303608B
:10693000001F21F001030360001F034B03601438A4
:1069400002602038704700000167000801460A69AC
:10695000D1E901309860D1E901035860506888425C
:1069600001D188685060002008611068401E1060E6
:106970001068704701480068704700005C01002003
:1069800000F1080141604FF0FF31816000F1080122
:10699000C160016100210160704700210161704701
:1069A00010B502460B685C1C0CB9106907E002F1D7
:1069B000080000E04068446824689C42FAD94468B2
:1069C0004C604C68A160886041600A611468641C76
:1069D000146010BD00BF502080F31188BFF34F8FAB
:1069E000BFF36F8F00BF0E480068401C0C49086061
:1069F00008460068012812D10A480068C0B208B9E8
:106A0000012000E0002050B900BF502080F3118821
:106A1000BFF34F8FBFF36F8F00BF00BFFEE770471C
:106A2000A801002004ED00E00D48006850B900BF47
:106A3000502080F31188BFF34F8FBFF36F8F00BFDB
:106A400000BFFEE706480068401E0549086008468A
:106A5000006820B9002080F3118800BF00BF704794
:106A6000A801002070B506463546002E3BD0083DF3
:106A70002C466068C00F50B900BF502080F31188C9
:106A8000BFF34F8FBFF36F8F00BF00BFFEE72068DB
:106A900008B9012000E0002050B900BF502080F369
:106AA0001188BFF34F8FBFF36F8F00BF00BFFEE7AA
:106AB0006068C00FB8B12068A8B9606820F00040D5
:106AC000606000F087F90849606809680844064971
:106AD00008602046FFF7BAFD04480068401C0349DF
:106AE000086000F0B7FE70BD98010020A4010020EE
:106AF00000204FF0E02108618861024848610720CA
:106B0000086170473F19010070B5F9F7FBFB0446B7
:106B1000102C16D304F1E02090F8F05315480078BB
:106B2000854201DB012000E0002050B900BF502069
:106B300080F31188BFF34F8FBFF36F8F00BF00BF8B
:106B4000FEE70D48006800F4E0600C4909688842DF
:106B500001D8012000E0002050B900BF502080F390
:106B60001188BFF34F8FBFF36F8F00BF00BFFEE7E9
:106B700070BD0000AC0100200CED00E0B001002071
:106B800070B504460025D4B11248006808B9012048
:106B900000E0002050B900BF502080F31188BFF3FF
:106BA0004F8FBFF36F8F00BF00BFFEE700F012F9F9
:106BB00000212046FFF784FB00F04CFE05463DB95E
:106BC0004FF0805004490860BFF34F8FBFF36F8FC1
:106BD00070BD00008801002004ED00E00349096851
:106BE000016003490968416070470000740100209A
:106BF00060010020012001490860704770010020F9
:106C000070B504460D4654B900BF502080F311887A
:106C1000BFF34F8FBFF36F8F00BF00BFFEE7054884
:106C2000016818312046FFF7BBFE01212846FFF717
:106C300047FB70BD500100202DE9F04706460F4686
:106C400034464FF00109002E74D0606C50B900BF7B
:106C5000502080F31188BFF34F8FBFF36F8F00BFB9
:106C600000BFFEE7206CB84201D23D4600E0256C33
:106C7000E06AA8425ED0606C01285BD12E480068B3
:106C8000844201D0012000E0002050B900BF502014
:106C900080F31188BFF34F8FBFF36F8F00BF00BF2A
:106CA000FEE7D4F82C80E562A06900F0004010B93E
:106CB000C5F10500A06108EB8801204A02EB8101C3
:106CC0006069884201D1012000E0002090B3201DBE
:106CD000FFF73CFE00BF00BF1949E06A096888421F
:106CE00002D91749E06A086000BF00BFE16A01EB02
:106CF0008101124A02EB81014868A0608268E2606B
:106D0000211D826851608160E16A01EB81010B4ABB
:106D100002EB81026261E16A01EB8101074A52F8EC
:106D20002110491CE26A02EB8202044B43F8221054
:106D300000BF00BFBDE8F08750010020340B0020E9
:106D4000640100201CB51B4800210B468022CDE9C0
:106D5000001019A11A4800F049FB0446012C15D176
:106D600000BF502080F31188BFF34F8FBFF36F8FA8
:106D700000BF4FF0FF30134908600120124908603E
:106D800000201249086000F077F810E0601C08B19C
:106D9000012000E0002050B900BF502080F311888E
:106DA000BFF34F8FBFF36F8F00BF00BFFEE70848F0
:106DB00000681CBD8001002049444C4500000000D3
:106DC000E16400087C0100206801002060010020CF
:106DD0008401002002480068401C01490860704797
:106DE000880100201F48006818B101201E49086072
:106DF00036E000201C49086000BF1C4801680CE018
:106E000051B900BF502080F31188BFF34F8FBFF3FB
:106E10006F8F00BF00BFFEE7491E01EB8100144ADF
:106E200052F8200008B9012000E000200028E7D136
:106E300000BF01EB81020E4B03EB820042685268F7
:106E4000426000F108024368934201D1C268426087
:106E50004268D268074B1A6000BF0448016000BF57
:106E600070470000880100207001002064010020AC
:106E7000340B0020500100200EB50020019037494E
:106E8000084600780290FF200A46107008460078F5
:106E900000909DF8000000F05000314A107010463C
:106EA000007850B900BF502080F31188BFF34F8F96
:106EB000BFF36F8F00BF00BFFEE79DF8002050209A
:106EC000904308B9012000E0002050B900BF5020D5
:106ED00080F31188BFF34F8FBFF36F8F00BF00BFE8
:106EE000FEE707E00198401C01909DF80000400675
:106EF000000E00909DF8000000F080008028F1D086
:106F00000198082803D10020164A106004E0019877
:106F1000C0F10700134A1060124800680002114ACD
:106F200010601046008800F4E06010609DF80800D2
:106F30000A4A10700C48006840F47F000A49086053
:106F40000846006840F07F400860FFF7D1FD002050
:106F500006490860F9F7A0F900200EBD00E400E042
:106F6000AC010020B001002020ED00E0A8010020CD
:106F70002DE9F84305460E4617460024E5B1601E8C
:106F8000B0FBF5F0B04217D305FB06F010F1490F46
:106F900012D805FB06F808F14800FFF711FC04467B
:106FA000B4B1A14609F148093B464A463146284654
:106FB0000094FFF7A9FA0BE054B900BF502080F30A
:106FC0001188BFF34F8FBFF36F8F00BF00BFFEE785
:106FD0002046BDE8F88300002DE9F04105460E4645
:106FE00001272C4654B900BF502080F31188BFF30D
:106FF0004F8FBFF36F8F00BF00BFFEE7002C42D062
:10700000E06B00283FD04FF0FF31E06BB1FBF0F0B8
:10701000216C884237D3FFF7DDFCD4E90F122068DA
:1070200001FB0200A0600020A06320686060E06BAC
:10703000401E226C216800FB0211E160FF2084F8F1
:10704000440084F845009EB9206908B9012000E099
:107050000020A8B904F1100000F062FB80B14FF0ED
:10706000805013490860BFF34F8FBFF36F8F07E065
:1070700004F11000FFF784FC04F12400FFF780FC0A
:10708000FFF7D2FC00E000270FB1012000E0002054
:1070900050B900BF502080F31188BFF34F8FBFF36A
:1070A0006F8F00BF00BFFEE73846BDE8F0810000EB
:1070B00004ED00E02DE9F05F074688463C4654B9F0
:1070C00000BF502080F31188BFF34F8FBFF36F8F45
:1070D00000BF00BFFEE7206C08B9012000E00020DF
:1070E00050B900BF502080F31188BFF34F8FBFF31A
:1070F0006F8F00BF00BFFEE7206808B9A06808B91D
:10710000012000E0002050B900BF502080F311881A
:10711000BFF34F8FBFF36F8F00BF00BFFEE7FFF7D6
:10712000F3FC00BF5021EFF3118081F31188BFF30E
:107130004F8FBFF36F8F00BF0546D4F838A0E06BC8
:10714000504537D994F945600AF10100A063701CDD
:1071500088B9606A08B9012000E0002038BB04F15A
:10716000240000F0DDFA10B3B8F1000F1FD00120A9
:10717000C8F800001BE000BFFFF7FCFB83465E453C
:1071800014D27F2E01D0012000E0002050B900BFB2
:10719000502080F31188BFF34F8FBFF36F8F00BF74
:1071A00000BFFEE7701C40B284F8450000BF4FF0FE
:1071B000010901E04FF0000900BF85F3118800BF0D
:1071C0004846BDE8F09F00002DE9F34182B0054636
:1071D00000272C46B84654B900BF502080F31188D0
:1071E000BFF34F8FBFF36F8F00BF00BFFEE7206C70
:1071F00008B9012000E0002050B900BF502080F302
:107200001188BFF34F8FBFF36F8F00BF00BFFEE742
:1072100000F020F908B9039808B9012000E0002027
:1072200050B900BF502080F31188BFF34F8FBFF3D8
:107230006F8F00BF00BFFEE700BFFFF7CBFBA66B61
:10724000FEB1701EA063206810B9FFF75DFBA0605F
:10725000206908B9012000E0002060B904F11000A5
:1072600000F05EFA38B14FF080503B490860BFF340
:107270004F8FBFF36F8FFFF7D7FB012004B0BDE83E
:10728000F081039818B9FFF7CFFB0020F6E71FB98C
:107290006846FFF7A3FC0127FFF7C6FBFFF79AFD3F
:1072A000FFF798FB94F94400401C10B9002084F8C3
:1072B000440094F94500401C10B9002084F84500B2
:1072C000FFF7B2FB03A9684600F048F840BB204630
:1072D000FFF7F0F9F0B1206838B9FFF77BFBA06841
:1072E00000F0AEF98046FFF79FFB04F124000399FC
:1072F000FFF786FC2046FFF723FA00F0ABFA0028E0
:107300009BD14FF0805014490860BFF34F8FBFF3FB
:107310006F8F92E72046FFF713FA00F09BFA8CE795
:107320002046FFF70DFA00F095FA2046FFF7C2F964
:10733000002882D0B8F1000F0BD0FFF74BFB20469E
:10734000FFF78BF806463146A068FFF775FCFFF79C
:107350006BFB002092E7000004ED00E070B50546ED
:107360000C4655B900BF502080F31188BFF34F8FF2
:10737000BFF36F8F00BF00BFFEE754B900BF5020BE
:1073800080F31188BFF34F8FBFF36F8F00BF00BF33
:10739000FEE7FFF71FFB134802686868131A2068AE
:1073A000401C08B9002619E00F492868096888427E
:1073B00006D06868904203D80126002020600DE0C6
:1073C0002068984207D92068C01A20602846FFF735
:1073D00005FC002602E0002020600126FFF724FBC8
:1073E000304670BD60010020740100202DE9FF4F80
:1073F00085B0804689461746DDE912ABB800FFF735
:10740000DFF9064676B15020FFF7DAF904462CB1D1
:1074100050212046F8F7B9FF266304E03046FFF715
:1074200021FB00E000247CB10020CDE900ABCDE9D8
:1074300002403A4649464046089BFFF778F8204606
:10744000FEF792FF012501E04FF0FF35284609B015
:10745000BDE8F08F0549096809B9012005E0044934
:10746000096809B9022000E0002070476801002087
:10747000880100202DE9F0414FF0000865480068C0
:1074800000287DD164480068451C634805601DBB29
:1074900000BF62480068006808B9012000E00020D1
:1074A00050B900BF502080F31188BFF34F8FBFF356
:1074B0006F8F00BF00BFFEE7584807685848006854
:1074C000564908605648076056480068401C5549B0
:1074D0000860FFF7FDF800BF5348006885427FD37E
:1074E00000BF4E480068006808B9012000E0002095
:1074F00020B14FF0FF304C49086070E04748006809
:10750000C068C4686668B54202D24748066066E053
:1075100000BF6069D4E902128A60D4E902214A609E
:10752000211D42688A4201D1E16841600022626106
:107530000168491E016000BFA06AA0B100BFA06A37
:10754000D4E907128A60D4E907214A6004F11801DE
:1075500042688A4201D1216A41600022A262016828
:10756000491E016000BF00BF00BF3049E06A0968E2
:10757000884202D92D49E06A086000BF00BF00E0E0
:1075800040E0E16A01EB8101294A02EB8101486890
:10759000A0608268E260211D826851608160E16ABA
:1075A00001EB8101224A02EB81026261E16A01EB97
:1075B00081011F4A52F82110491CE26A02EB820243
:1075C0001B4B43F8221000BF00BF1A49E06A09684C
:1075D000C96A884285D94FF0010882E700E000BF00
:1075E00014480068C06A00EB8000114951F820007F
:1075F000012801D94FF001080F48006808B14FF089
:10760000010804E00D480068401C0C490860404631
:10761000BDE8F081880100206001002054010020B5
:1076200058010020740100207C010020640100202A
:10763000340B002050010020700100206C0100205C
:1076400070B505462C460026002D61D03149E06A10
:107650000968C96A884254D2A06900F0004028B97C
:107660002C480068C06AC0F10500A061E16A01EB26
:107670008101294A02EB81016069884201D1012020
:1076800000E00020B0B3201DFFF760F9214800683A
:10769000C06AE06200BF00BF2049E06A0968884212
:1076A00002D91E49E06A086000BF00BFE16A01EB31
:1076B0008101194A02EB81014868A0608268E2609A
:1076C000211D826851608160E16A01EB8101124AEB
:1076D00002EB81026261E16A01EB81010E4A52F81C
:1076E0002110491CE26A02EB82020B4B43F8221084
:1076F00000BF04E0FFE707480068C06AE0620126B7
:1077000006E00449206C0968C96A884200D2012653
:10771000304670BD50010020340B00206401002071
:1077200070B50346D868C16851B900BF502080F3D6
:107730001188BFF34F8FBFF36F8F00BF00BFFEE70D
:1077400000BF886AD1E90745A560D1E907546560A3
:1077500001F118044568A54201D10C6A4460002576
:107760008D620468641E046000BF3448006800280D
:1077700043D100BF4869D1E90245A560D1E902546F
:1077800065600C1D4568A54201D1CC6844600025A8
:107790004D610468641E046000BF00BF00BF284C38
:1077A000C86A2468A04202D9254CC86A206000BF7C
:1077B00000BFCC6A04EB8404224D05EB84046068AE
:1077C00088608568CD600C1D85686C608460CC6ABB
:1077D00004EB84041B4D05EB84054D61CC6A04EB7E
:1077E0008404184D55F82440641CCD6A05EB8505CA
:1077F000144E46F8254000BF11E000BF124C6068EF
:10780000C86185680D6201F1180485686C60846048
:107810000D4D8D622C462468641C2C6000BF0B4CFF
:10782000C86A2468E46AA04204D901220120084CF5
:10783000206000E00022104670BD0000880100209A
:1078400064010020340B0020C00B002050010020F8
:107850007001002070B5002400265948006808B166
:10786000012000E0002050B900BF502080F31188B3
:10787000BFF34F8FBFF36F8F00BF00BFFEE7FFF76F
:10788000A9F84F480068401E4D4908600846006846
:1078900000286ED14B48006800286AD064E04A484E
:1078A000C068C46800BFA06AD4E907128A60D4E93E
:1078B00007214A6004F1180142688A4201D1216A15
:1078C00041600022A2620168491E016000BF00BF42
:1078D0006069D4E902128A60D4E902214A60211D5C
:1078E00042688A4201D1E168416000226261016818
:1078F000491E016000BF00BF00BF3449E06A09684B
:10790000884202D93149E06A086000BF00BFE16ADD
:1079100001EB81012E4A02EB81014868A060826878
:10792000E260211D826851608160E16A01EB8101A2
:10793000274A02EB81026261E16A01EB8101244A7C
:1079400052F82110491CE26A02EB8202204B43F8F4
:10795000221000BF00BF1F49E06A0968C96A884257
:1079600002D901201C4908601748006810B901209D
:1079700001E020E00020002891D00CB1FEF7A8FE25
:107980001648056865B100BFFFF774FD10B101200E
:10799000114908606D1E002DF6D100200F490860C6
:1079A0000D48006838B1012630070D490860BFF363
:1079B0004F8FBFF36F8FFFF737F8304670BD000071
:1079C000880100205C010020C00B00206401002021
:1079D000340B002050010020700100206C010020B9
:1079E00004ED00E010B500290AD00878002807D07F
:1079F00005487844F8F7F0FC002801D0002010BDBD
:107A00000248784410BD0000822300007A23000061
:107A100010B500290AD00878002807D00548784416
:107A2000F8F7DAFC002801D0002010BD02487844A5
:107A300010BD0000662400005E24000021F000421A
:107A4000A2F16052B2F5801F01F0004328BFD2F1CD
:107A50007F6C0BD95FEA001C43EAC20242EB507014
:107A600018BF704728BF20F001007047B2F5801F93
:107A7000BCBF184670474FEA410C1CF5001F02D2EC
:107A8000084600F0F4BE70B500F0D4FA000000899A
:107A9000FFF7F6BF4FF00040A0F5800070470000F0
:107AA00010B591EA030F48BF83F0004300F12A8329
:107AB000841A71EB030C05D2121943EB0C03001B63
:107AC00061EB0C01DFF824E14FEA1154A4EB135CE5
:107AD0001EEA430F18BF9EEA445F73D023EA0E03E9
:107AE000DCF1200E21EA045143F4801332D322FA50
:107AF0000CFE10EB0E0023FA0CFE41EB0E01CCF154
:107B0000200E03FA0EFE10EB0E0051F10001B1F54C
:107B1000801FCCF1200E32D201EB045112FA0EF28A
:107B2000BDE8104058BF7047401C38BF5FEA4202B2
:107B300018BF7047002814BF20F0010041F1000178
:107B40004FEA410313F5001F38BF7047A1F1C04150
:107B500000F0BEBA012A43EB0302ACF1200CDCF1C9
:107B60001F0E32BF4FF0000E23FA0CF310EB030090
:107B700041EB0451B4EB115FD0D0A1EB045101F5FE
:107B8000801149085FEA300001EB04510ED350F137
:107B9000000038BF12FA0EFE08D1BDE81040C9E758
:107BA000401C38BF5FEA4202CAD1C3E7BDE81040BB
:107BB0004FEA410313F5001F38BF7047A1F1C041E0
:107BC00000F086BA9EEA445F08D011EA5E0FBDE875
:107BD000104004BF01F0004100207047BDE8104094
:107BE00070B500F027FA00BF64FBBE3E0000E0FF66
:107BF00002494FF0000000F0EABE00BF0000F87F2D
:107C00002DE9C04130B4DFF8A0C23CEA111418BF1E
:107C10003CEA131400F0EC8081EA03051CEA11141D
:107C200044EAD57418BF1CEA131500F0C780A4EB12
:107C300005044FF0004545EAC12145EAC32341EA66
:107C4000505143EA525304F17F74994204F50034D1
:107C50004FEAC0204FEAC22208BF904200F09C8049
:107C60004FEA13650FF24016765D4FEA134506FBA7
:107C700005F7C7F1807706FB07F74FEAD737A7FB71
:107C800003687642C8F58038A7FB06CE38BFA8F156
:107C9000010807FB08E64FF0000EA6FB028CE6FB8E
:107CA00003CEDCF1000CCEF1004E38BFAEF1010E78
:107CB000A6FB0C584FF000074FF00005E6FB0E87BF
:107CC000A1FB08C6A0FB07CE16EB0E0645F100058A
:107CD000E1FB076515F1E04E7EBFA4F580345FEA55
:107CE00046066D4116F1800745F100054FEA17275A
:107CF0004FEA066647EA0567A6F1DE46B6F1805F01
:107D00004FEA15251FD9384624F0010C05EBC47144
:107D1000BCF1FE6F01EB0C1102D8F0BCBDE8008194
:107D200024425CBF01F5801E9EEAC47F02D4F0BCF1
:107D3000BDE80081244238D4F0BCA1F1C041BDE8C7
:107D4000004100F0C5B94FEAD22242EA43524FEA5D
:107D5000D323A7FB02864FEAD02040EA415007FB1D
:107D600003661EEA0E0F4FEAD12105FB026658BFDB
:107D7000A6EB0056B6EB00564FEA520E4EEAC37E13
:107D800018EB0E0E56EB530EBDD518EB02085E41F4
:107D90007F1C55F10005B6E74FF480154FF0000742
:107DA0004FF000064FF00008ADE7F0BC4FF00000C8
:107DB00001F1C04101F00041BDE8008111EA0C1F52
:107DC0000CEA131500D00CE013EA0C1F00F025801C
:107DD0004FF00000F0BC81EA030101F00041BDE872
:107DE0000081F0BCBDE8004181EA030100F070B9F8
:107DF000F0BCBDE8004170B500F01CF9097EFC3E06
:107E000000F007B881EA03014FF0000001F00041E3
:107E1000704781EA030100F05BB9F0BCBDE80041A6
:107E20004FF0000021497047FFFDFBF9F7F5F4F230
:107E3000F0EEEDEBE9E8E6E4E3E1E0DEDDDBDAD805
:107E4000D7D5D4D3D1D0CFCDCCCBCAC8C7C6C5C463
:107E5000C2C1C0BFBEBDBCBBBAB9B8B7B6B5B4B37A
:107E6000B2B1B0AFAEADACABAAA9A8A8A7A6A5A465
:107E7000A3A3A2A1A09F9F9E9D9C9C9B9A99999829
:107E80009797969595949393929191908F8F8E8ECC
:107E90008D8C8C8B8B8A8989888887878685858459
:107EA00084838382828181800000FF070000F87F45
:107EB00010F0004248BF4042B0FA80F310FA03F1DC
:107EC0000AD0C3F11D0303F580634FEA415002EB72
:107ED000035202EBD12170474FF0000070470000C1
:107EE000DFF848C170B51CEA111E1EBF1CEA13154D
:107EF0009EEA0C0F95EA0C0F00F06F8081EA0304F4
:107F000023EA4C134EEAD47E21EA4C1141F480114D
:107F100043F48013AE44A1FB024CA0FB0365AEF119
:107F20007F7E361955EB0C05A1FB034C4CF1000389
:107F3000A0FB021C16EB0C06654153F1000309423D
:107F400018BF46F0010613F4007F0BD14FEA03314E
:107F50004FEA0530340341EA155140EA16506FF0FC
:107F600003020AE04FEAC3214FEAC520F40241EAC6
:107F7000555140EA56506FF0020202EB2E4201EBDF
:107F8000025585EACE710AD05FEA440C18BF24F08E
:107F9000004450F1000041F1000120EAD47040F2A9
:107FA000FE7C624500D270BDA84214BF4FF08044F1
:107FB0004FF04044002E08BF0024BEF1806FA8BFE0
:107FC000A1F1C041BDE8704080F282804FF0000016
:107FD00001F1C04101F0004170479EEA0C0F0CEA2C
:107FE000131518BF95EA0C0F06D04FF0000081EA78
:107FF000030E0EF0004170BD00F01CF88900013E38
:1080000000F007B800F009B84FEA430C5FEA5C5C87
:1080100008D081EA030100F05BB84FEA410C5FEA47
:108020005C5CF6D14FF00000014970470000FF078B
:108030000000F87F0EF1020E2EF0030E5EF8046BC6
:10804000364205D4012A43EB030515F5001F12D86B
:10805000012841EB010C1CF5001F0CD80ED14FEA92
:10806000D17C15F5001F0CEB4C0C0CF1020C08BF79
:108070004CEBD37C04E04FF0080C01E04FEAD37CDA
:108080000CEB4C0526FA05F606F00706B6F1040CD3
:1080900006D20EEB860CBDE870404CF0010C604738
:1080A000DFE80CF0090B02024FF000414FF0000036
:1080B000A1F5002170BD19461046012851EB0104BD
:1080C00018BFD4F5001484BF002001F0004170BD3A
:1080D0000808A0F500114FEA3101704791EA030F3B
:1080E00010B581F000413FF5E3AC83F0004300F0B0
:1080F00009B8000010B591EA030F48BF83F00043B0
:108100003FF5D6AC841A71EB030C07D212198CF030
:10811000004C43EB0C03001B61EB0C01DFF8A4E106
:108120004FEA1154A4EB135C1EEA430F18BF9EEAFA
:10813000445F00F0B08023EA6E03524221EA04510A
:10814000C3EB6E0338BF5B1EDCF1200E25D322FA91
:108150000CFE10EB0E0043FA0CFE41EB0E01CCF1CD
:10816000200E03FA0EFE10EB0E0051F10001CCF1CF
:10817000200E29D412FA0EF201EB0451BDE8104092
:1081800058BF7047401C1CBFB2F1004F7047002819
:108190000CBF491C20F00100704712EB020E43EBAC
:1081A000030218BF4FF0010E4EEA4202ACF1200C60
:1081B000DCF11E0E54D943FA0CFE10EB0E0051F107
:1081C000FF31CCF11E0ED5D50EF1010E12FA0EFEC6
:1081D000404141EB010101EB445C5FEA5C5C10D97A
:1081E00010EBDE7001EB045138BFBEF1004FBDE86B
:1081F000104018BF704700280CBF491C20F0010038
:10820000704730D24FEAD42C11F5001124F40064E9
:108210001BD0B1FA81F20B3AA41AA41ED2F12003AA
:10822000914030FA03F31943904001EBCC71002CDC
:1082300001EB0451BDE81040A8BF704701F1C041F7
:108240004FF0000001F000417047B0FA80F310FADF
:1082500003F100D110BDE41A173C4805C90AE4E750
:1082600001EB045110BD491001EB0451BDE8104071
:108270004FEA300002E04FF0000170474A0008BFAB
:108280000042F8D0B2F5001F28BF704701F000414E
:108290004FF0000070479EEA445F07D011EA5E0F7E
:1082A000BDE8104004BF002100207047BDE8104029
:1082B00070B5FFF7BFFE00BF40DFF63E83F0004120
:1082C000104670470000E0FF43004FEAD30C4FEA2E
:1082D0003C0C43401FBF40070CF1605113F0FE4FB0
:1082E00070471CF0006F03D100200CF00041704774
:1082F0000CF0004343EA507010B540EACC0000F0A7
:1083000070FA00BF000000924FEA0001FFF7E0BEE4
:108310004FF000414FF00000A1F500217047000030
:1083200090EA010F48BF81F0004100F1DE82421A5D
:108330003CBF801A89184FEAD0524FF07F4C1CEA9C
:10834000410FA2EBD15318BF9CEA026F00F03B80B3
:108350004FF0004C4CEA00204CEA012121FA03FCCA
:1083600010EB0C0C1ED202F1FF325FEA1C2040EB36
:10837000C25038BF70471CF07F0F4FEA400C18BF47
:10838000BCF17F4F38BF7047C3F12003994008BF4D
:1083900020F00100BCF17F4F38BF7047A0F1C04012
:1083A00000F065BA4FEA3C00000A40EBC25028BF1B
:1083B0001CF0FF0F4FEA400CE6D018BFBCF17F4F16
:1083C00038BF7047EAE79CEA026F05D010EA5C0FFD
:1083D00008BF00F00040704710B500F002FA00BF7F
:1083E00064FBBE3E401058BFC0F14040491058BF2A
:1083F000C1F140418142EFF3008070474FF47F0CA0
:108400001CEAD0121EBF1CEAD11392EA0C0F93EAA9
:108410000C0F00F0858090EA010F48BF42F4807293
:1084200040F4000C41F400002CF07F4120F07F402C
:1084300000B58142A2EB03020FF2081CACEB504ED8
:10844000C0F100009EF800E04FEA4E0E00FB0EFC6B
:1084500038BF49004FEA2C1C02F5FA020CFB0EF360
:108460004FEACE1E4FEA112C4FEAC1210EEB635E9C
:1084700042EB22420EFB0CFC4FEA1C5300FB0311A3
:108480004FEA112C4FEA01310EFB0CFC4FEADC4C99
:1084900000FB0C11C14228BF09184CEB03335DF8F7
:1084A00004EB10EB410143EBC250B2F57C0F38BF37
:1084B000704729D512F0F00F1CBF00F1C04000F04A
:1084C00000407047008182838485868788898B8CF1
:1084D0008D8E8F919293959697999A9C9D9FA0A22D
:1084E000A3A5A7A8AAACAEB0B2B3B5B7B9BCBEC07D
:1084F000C2C5C7C9CCCED1D4D7D9DCDFE2E6E9EC1E
:10850000F0F3F7FAFE0000004FEA400C0CF1807C1B
:10851000BCF17E4F28BF7047B0F1C04000F0A7B952
:1085200090EA010F0CEAD11348BF42F48072624511
:1085300038BF634507D213F47F0F16D080EA0100DD
:1085400000F00040704710B500F04BF9097EFC3E8A
:1085500000F005B880EA010000F00040704780EAB2
:10856000010000F0004000F082B912F47F0F04BF58
:108570000248704780EA010000F079B90000C07F2E
:1085800050EA010C00F113801CF5000F58BFBCF538
:10859000000F01D48842704707D710F5000F58BF6D
:1085A00011F5000F15D488427047894270471CF5B9
:1085B000000F04D5BCF5000FF7D5814270474FF08E
:1085C000807C1CEB400F38BF1CEB410F01D2814275
:1085D000704710B500F005F9922449004FF00050A3
:1085E0004FF08051FFF7FEBE41000B0ED3F19E020B
:1085F00008D950F400034FEA032323FA02F048BFDE
:108600004042704710B500F0ECF800BF499224805A
:10861000002070476FF0004282EA2000704700009F
:1086200010F0004148BF4042B0FA80F310FA03F264
:10863000C3F19D030BD051EAC35101EB1220530645
:1086400038BF704700F1010008BF20F001007047FB
:10865000B0FA80F310FA03F2C3F19D030AD0D905F2
:1086600001EB1220530638BF704700F1010008BF2C
:1086700020F001007047000050EA010C00F1138067
:108680001CF5000F58BFBCF5000F01D4884270479D
:1086900007D710F5000F58BF11F5000F15D4884209
:1086A0007047894270471CF5000F04D5BCF5000FD8
:1086B000F7D5814270474FF0807C1CEB400F38BFEC
:1086C0001CEB410F01D28142704710B500F089F8D0
:1086D000922449004FF000504FF08051FFF782BEC6
:1086E0004FF47F0C1CEAD0121EBF1CEAD11392EA91
:1086F0000C0F93EA0C0F00F0478090EA010F48BF7F
:1087000042F480724FF0004C4CEA00204CEA012108
:1087100002EB0302A0FB0113A2F50002002918BF1F
:1087200043F001035B0028BF4FEA330342EB2242D0
:108730005FEA132C4CEBC2502EBFBCEB436FB2F57B
:108740007C0F70474FEA036CBCF1004F08BF20F06C
:108750000100B2F57C0F38BF70470BD582F0FF02E5
:1087600012F5803FC8BF704700F1C040D8BF00F08D
:108770000040704700F5000C5FEA4C0C48BF7047A2
:10878000B0F1C04000F073B890EA010F0CEAD113C9
:1087900048BF42F48072624538BF634504D280EA24
:1087A000010000F00040704710B500F01AF800BF5B
:1087B0008900013E00F007B800F009B85FEA410CFB
:1087C0005FEA1C6C08D080EA010000F050B85FEA54
:1087D000400C5FEA1C6CF6D14FF00040A0F5800021
:1087E00070470EF1020E2EF0030E5EF8044B244289
:1087F00004D44FEA4102B2F17F4F11D84FEA40034F
:10880000B3F17F4F0CD80ED14FEAD07CB2F17F4F3D
:108810000CEB4C0C0CF1020C08BF4CEBD17C04E0CF
:108820004FF0080C01E04FEAD17C0CEB4C0324FA2A
:1088300003F404F00704B4F1040C06D20EEB840C2C
:10884000BDE810404CF0010C6047DFE80CF0070871
:1088500002024FF00040A0F5800010BD0846420023
:1088600018BFD2F1807288BF00F0004010BDFF2118
:1088700041EAD050C005704751EA000C00F1138066
:108880001CF5000F58BFBCF5000F01D481427047A2
:1088900007D711F5000F58BF10F5000F15D481420E
:1088A0007047894270471CF5000F04D5BCF5000FD6
:1088B000F7D5884270474FF0807C1CEB410F38BFE2
:1088C0001CEB400F01D28842704780EA010081EA28
:1088D000000180EA0100FFF7F8BE000090EA010FF6
:1088E00048BF81F000413FF522AD421A04D882F022
:1088F0000042A0EB020011444FEAD0524FF07F4CEF
:108900001CEA410FA2EBD15318BF9CEA026F4AD078
:108910004FF0004C4CEA00204CEA012121FA03FC04
:10892000B0EB0C0C0FD412F0FE0F36D05FEA4C0007
:108930001DD5001240EBC25038BF70471CF03F0FEE
:1089400018BF70470BE0A2F101025FEA1C2040EB68
:10895000C25038BF70471CF07F0F18BF7047C3F17B
:108960002003994014BF401E20F00100704780088A
:108970004FEA122308BF7047B0FA80FCA2EB0C024A
:10898000CCF1280C60FA0CF093EA122F04BF00EB34
:10899000C25070474FEAC3707047130A5FEADC1099
:1089A00008BF7047F6E79CEA026F04D010EA5C0F3C
:1089B00008BF0020704710B5FFF713FF40DFF63EF9
:1089C00081F000407047F8F7BCB9F8F7F1BA0CF045
:1089D0000F03092B08BF082000F059800A2B0BD089
:1089E000082B18BF704708BF1CF0400F0AD04FF08B
:1089F00000004FF0000170471CF0400F18BF4FF00F
:108A0000004070471CF0100F08D020F0704300F0B9
:108A10007F4242EAD3014FEA4370704700F0604062
:108A200021F07F4242EA000201F07F4040EA72708A
:108A300070474FF0FF0C4CF4E06C1CEA11531CBF64
:108A40009CEA030C9445C2BFDA4201EB0251704725
:108A5000002B0DD0BCF1000F0FD0002A01F0004117
:108A6000A4BF41F0E04141F07F614FF0000070474A
:108A700001F000414FF00000704750EA01334FF021
:108A80009B0C18BF4CF0806C7FF4B2A870471CF4AC
:108A9000801F11D01CF4E02F03D06FEACC314900C5
:108AA00070474FF04050EFF3008222F0704242EAEC
:108AB000000282F3008870474FF00000704700000A
:108AC00000000000000000000000000000000000A6
:108AD00000F8000000000000003330000000001625
:108AE0000E00160E0000000000000000000040C054
:108AF0007840C0784000043F04043F040400007044
:108B000088FC08300000001820FF211E0000F0083B
:108B1000F000E018000000211C031E211E0000F0E0
:108B20000888700000001E2123241927211000004E
:108B300000160E0000000000000000000000000011
:108B400000E01804020000000007182040000002A6
:108B50000418E0000000004020180700000040401A
:108B600080F0804040000202010F0102020000007C
:108B700000F0000000000101011F010101000000E0
:108B800000000000000000B07000000000000000C5
:108B900000000000000000010101010101010000CE
:108BA0000000000000000030300000000000000065
:108BB000000080601804006018060100000000E05A
:108BC00010080810E000000F102020100F00001007
:108BD00010F8000000000020203F2020000000705E
:108BE0000808088870000030282422213000003056
:108BF0000888884830000018202020110E0000004E
:108C0000C02010F8000000070424243F240000F8CE
:108C10000888880808000019212020110E0000E0B3
:108C2000108888180000000F112020110E00003855
:108C30000808C83808000000003F0000000000706D
:108C4000880808887000001C222121221C0000E0F6
:108C500010080810E0000000312222110F0000006F
:108C600000C0C00000000000003030000000000024
:108C700000C0C0000000000080B0700000000000D4
:108C8000804020100800000102040810200040402D
:108C90004040404040000404040404040400000870
:108CA0001020408000000020100804020100007025
:108CB00048080808F0000000003036010000C0300D
:108CC000C828E810E0000718272423140B00000030
:108CD000C038E0000000203C23020227382008F8BA
:108CE000888888700000203F202020110E00C030AE
:108CF000080808083800071820202010080008F885
:108D000008080810E000203F202020100F0008F87D
:108D10008888E8081000203F20202320180008F849
:108D20008888E8081000203F200003000000C030C1
:108D300008080838000007182020221E020008F842
:108D400008000008F808203F210101213F20000809
:108D500008F8080800000020203F20200000000044
:108D60000808F8080800C08080807F00000008F82C
:108D700088C028180800203F20012638200008F865
:108D8000080000000000203F20202020300008F8CC
:108D9000F800F8F80800203F003F003F200008F8E6
:108DA00030C00008F808203F200007183F00E010FE
:108DB00008080810E0000F10202020100F0008F80D
:108DC00008080808F000203F210101010000E01020
:108DD00008080810E0000F18242438504F0008F845
:108DE000888888887000203F2000030C30200070A5
:108DF0008808080838000038202121221C001808A3
:108E000008F8080818000000203F2000000008F8BB
:108E100008000008F808001F202020201F00087804
:108E2000880000C83808000007380E010000F80864
:108E300000F80008F800033C0700073C030008188E
:108E400068808068180820302C03032C30200838F4
:108E5000C800C83808000000203F200000001008AB
:108E60000808C838080020382621202018000000F3
:108E700000FE020202000000007F40404000000CA3
:108E800030C000000000000000010638C0000002F1
:108E90000202FE000000004040407F000000002071
:108EA000100804081020000000000000000000006E
:108EB00000000000000080808080808080800002B0
:108EC0000408000000000000000000000000000096
:108ED0008080808000000019242222223F2008F890
:108EE000008080000000003F112020110E000000D3
:108EF000008080800000000E112020201100000062
:108F000000808088F800000E112020103F20000013
:108F1000808080800000001F222222221300008017
:108F200080F0888888180020203F20200000000062
:108F3000808080808000006B94949493600008F897
:108F4000008080800000203F210000203F20008022
:108F50009898000000000020203F20200000000022
:108F600000809898000000C08080807F000008F892
:108F7000000080808000203F24022D302000000867
:108F800008F8000000000020203F20200000808022
:108F9000808080808000203F20003F20003F0080B4
:108FA00080008080000000203F2100203F20000042
:108FB000808080800000001F202020201F008080F3
:108FC00000808000000080FFA12020110E00000022
:108FD000008080808000000E112020A0FF80808013
:108FE00080008080800020203F21200001000000C0
:108FF0008080808080000033242424241900008095
:1090000080E0808000000000001F202000008080A1
:10901000000000808000001F202020103F20808062
:1090200080000080808000010E30080601008080F2
:109030000080008080800F300C030C300F00008017
:109040008000808080000020312E0E312000808042
:1090500080000080808080818E7018060100008072
:109060008080808080000021302C22213000000090
:109070000000807C020200000000003F4040000031
:109080000000FF00000000000000FF0000000002E0
:10909000027C800000000040403F00000000008093
:1090A000404080000080000000000001010000003E
:1090B000000000000000002F000000000700070073
:1090C00000147F147F1400242A7F2A12002313081F
:1090D000646200364955225000000007000000007D
:1090E0001C224100000041221C000014083E08140C
:1090F0000008083E0808000000A0600000080808FA
:109100000808000060600000002010080402003E13
:109110005149453E0000427F4000004261514946AE
:10912000002141454B31001814127F10002745459E
:109130004539003C4A4949300001710905030036B0
:109140004949493600064949291E000036360000C3
:1091500000005636000000081422410000141414C8
:109160001414000041221408000201510906003EB7
:109170004955592E007C1211127C007F494949360D
:10918000003E41414122007F4141221C007F49496C
:109190004941007F09090901003E4149497A007FA0
:1091A0000808087F0000417F4100002040413F0146
:1091B000007F08142241007F40404040007F020CA5
:1091C000027F007F0408107F003E4141413E007F46
:1091D00009090906003E4151215E007F091929460F
:1091E0000046494949310001017F0101003F4040EB
:1091F000403F001F2040201F003F4038403F006399
:1092000014081463000708700807006151494543BA
:1092100000007F414100000204081020000041418D
:109220007F00000402010204004040404040000072
:1092300001020400002054545478007F484444380C
:1092400000384444442000384444487F0038545493
:10925000541800087E0901020018A4A4A47C007F11
:10926000080404780000447D4000004080847D00B4
:10927000007F102844000000417F4000007C04185B
:109280000478007C0804047800384444443800FC26
:10929000242424180018242418FC007C0804040842
:1092A00000485454542000043F444020003C4040B7
:1092B000207C001C2040201C003C4030403C0044EE
:1092C00028102844001CA0A0A07C004464544C44F6
:1092D0000000087F41000000007F00000000417F87
:1092E0000800000804081008E6B19F0000106002A2
:1092F0000CC004040404FC04040404000004047C02
:109300000320202020203F202020202000E58D8FDA
:1093100000001010FF1010009010FF1010F08000DF
:1093200000000000FF00048241300F40807F0001F8
:109330000600E7A79100002424A4FEA3220022CC6B
:109340000000FF00000000080601FF000104040403
:109350000404FF02020200E68A800000101010FFE1
:10936000109008888888FF88888808000444827FD5
:1093700001808040432C102846818000E5B9B3006D
:109380000000020212620202FE02024232020200E7
:109390000001010101010101FF01010101010101C0
:1093A00000E8A1A100001088C42308F493F29AF603
:1093B000004044C444000100FF001097543F5497FC
:1093C0001040807F0000E8BDA60000000888482803
:1093D000180FE80808080808080000080809090923
:1093E0000909FF0909090909080800E6B58B000009
:1093F0001060028C00FE02F202FE00F800FF000086
:1094000004047E018047300F10270047807F000052
:10941000E8AF950000404042CC009090909090FFC3
:1094200010111610000000003F1028603F101001BE
:109430000E3040F000E7A88B00002424A4FE232275
:10944000003E22222222223E0000080601FF0106E1
:10945000404949497F4949494100E5BA8F00000028
:1094600000FC0404041415569454341404040040FD
:10947000300F0001010141817F010101050300E678
:109480008F900000101010FF109000FE92929292A8
:1094900092FE00000444827F0180423A4282FE92A2
:1094A00092928200E7A4BA00004040424242424207
:1094B000C242424242424040002010080600408022
:1094C0007F0000000204083000E5B7B20000000091
:1094D000E28282828282828282FE0000000000009C
:1094E0003F40404040404040404040780000E987D5
:1094F0008D0000101014D4545454FC525252D31204
:10950000101000404050575555557F5555555750F0
:10951000404000E7BDAE0000001715D55557557DFA
:10952000555755D5151700004040407F55555555A6
:109530005555557F40404000E58F820000002020B7
:10954000A86C2A3928A82A6CA82020000002828151
:1095500090924A49452422100801020200E695B083
:10956000000090523410FF10345280708F0808F8B9
:109570000800829A566322528E008040330C33409A
:109580008000E8AFB700004042CC0000445454547F
:109590007F54545444400000007F201000FF1515F4
:1095A0001555957F000000E6B3A800001060028CFE
:1095B0000008080809FA08080808000004047E01E9
:1095C00040404141417F414141414000E6848F009C
:1095D00000101012D2565A5253525A56D21210102C
:1095E000004030007785858DB5858585E700106062
:1095F00000E689A70000101010FF1090001010FF67
:109600001010F00000000444827F018040211A07FE
:1096100018003F40F000E8A18C0000001088C4331F
:109620000040424242C24242424000020100FF006A
:1096300000000040807F0000000000E6A0A10000C4
:109640001010D0FF9010804828090E082848880084
:10965000040300FF00018080432C102C4380800015
:10966000E58786000000020CE04020F84F4849FEE4
:10967000484848080004047F000000FF2222223FDF
:109680002222222000EFBC9A00000000000000000F
:10969000000000000000000000000000363600005E
:1096A00000000000000000000000E8B0830000405F
:1096B00042CC0000FE829292FE929282FE00000056
:1096C000003F10887F001E1212125E807F0000E8AB
:1096D000AF950000404042CC009090909090FF10D9
:1096E000111610000000003F1028603F1010010EFE
:1096F0003040F000E6A8A100001010D0FF9014E464
:10970000AFA4A4A4AFE4040000040300FF00894B4D
:109710002A1A0E1A2A4B888000E5BC8F0000101010
:1097200090909090901010FF1010111610000020D3
:1097300060203F10101000030C102040F800E7A13B
:10974000AC00000484E45C44C400F29292FE929265
:10975000F2020002017F10103F808F54245F448486
:10976000878000E4BBB60000008060F80780601CC2
:109770001010FF1010100000010000FF0002020294
:109780000202FF0202020200E4BCA00000008060AE
:10979000F807404848E85F4848484040000100005A
:1097A000FF0000020B1222D20A06000000E6849F8E
:1097B00000000000FC04D4545454D4047F84C53603
:1097C00004008866010063828292AB8482C1022415
:1097D000CF00E599A8000080809E9292929EE08042
:1097E0009EB2D2929E80000808F4949292F10001F9
:1097F000F2929494F80800E4BF9D0000008060F8A5
:1098000007003E2222E222223E000000010000FF6B
:109810002011090503FF030509112000E68C8100D2
:1098200000101010FF1010404848487F48C84840BA
:10983000000444827F010002020A1242827F020277
:1098400000E7AB96000000FE0000FF00868A52226F
:10985000524A868000004040444455644546446472
:10986000544444404000E79BB40000000404F494D6
:1098700094949F949494F4040400004040407F4AE0
:109880004A4A4A4A4A4A7F40404000E4B8940000AD
:10989000000000FE22222222222222FE00000000DE
:1098A0004040407F424242424242427F404040006C
:1098B000E99D9900004454547F545444202827E4DF
:1098C000342CE0000000FF1555957F000949897F81
:1098D00009091F0100E6ADA20000000000F0000031
:1098E00000FF40404040400000004040407F40407A
:1098F000407F4040404040404000E58D95000000E2
:1099000000F8494A4C48F8484C4A49F80000001011
:10991000101312121212FF1212121213101000E57D
:1099200087BB000080808888888888FF888888882E
:109930008880800000007C404040407F40404040A4
:10994000FC000000E994AE00004030EF242480E4E5
:109950009C105454FF547C100001017F21512618A3
:10996000274445455F45454400E7A1AE0000048417
:10997000E45C44C42010E82724E4342CE000020115
:109980007F10103F80601F09093F49897F00E8AEC2
:10999000A40000404042CC0000000000FF00000096
:1099A0000000000000003F90482018070007182022
:1099B000408000E5AE8C0000100C042424242526F1
:1099C0002424242404140C0000818141310F01015E
:1099D000017F818181F10000E6889000000000F89D
:1099E000888888880808FF08090AC8080080601F5E
:1099F0000010201F80402116182641F800E7BC9671
:109A000000002030AC633000FC2425262424243CB4
:109A1000000022672212523807FF097F093F89FFA1
:109A20000000E7A08100000484E45C44C40002F26A
:109A3000828282FE80800002017F10103F000808B1
:109A400008084888403F00E794B500000000F88807
:109A5000888888FF88888888F800000000001F0830
:109A60000808087F888888889F80F000E69CBA00F4
:109A7000001010D0FF901000FE020202FE00000055
:109A800000040300FF0083601F0000003F40407897
:109A900000E4B8B2000000003C24242424FF242465
:109AA00024243C000000001F0909090909FF0909D5
:109AB0000909091F0000E58FA300000000FC040451
:109AC00004040404040404FC00000000007F2020BF
:109AD000202020202020207F000000E995BF0000EA
:109AE00080808080FF8080A0908884828080800039
:109AF00000000000FF402112040810202040400018
:109B0000E68C890000101010FF9020988888E98E5C
:109B10008888A898000242817F000080844B28102A
:109B20002847800000E8BF940000404042CC00007D
:109B3000FC24A4242222A36200000040201F2058FD
:109B400047504845424548504000E59B9E00000074
:109B500000FE0202F2121212F20202FE00000000E7
:109B6000007F2020272424242720207F00000000BD
:109B700000000000FF010101310909090989710193
:109B8000010101FFFF80808080808096818080803D
:109B9000808080FFFF01818181FD8991A1C1FD81CC
:109BA000818101FFFF808080809F888482819F80E7
:109BB000808080FF00000000000000003031323360
:109BC00034353637383941424344454640305800F1
:109BD0003031323334353637383961626364656623
:109BE000403078000400000800000000000000027F
:109BF00000010000100000004FBB610567ACDD3FB5
:109C0000182D4454FB21E93F9BF681D20B73EF3FA3
:109C1000182D4454FB21F93FE2652F227F2B7A3C1B
:109C2000075C143326A6813CBDCBF07A8807703CD4
:109C3000075C143326A6913CC4EB98999999C9BF47
:109C4000711623FEC671BCBF6D9A74AFF2B0B3BF7C
:109C50009AFDDE522DDEADBF2F6C6A2C44B4A2BF3C
:109C60000D5555555555D53FFF8300922449C23FA8
:109C70006E204CC5CD45B73F513DD0A0660DB13FDC
:109C8000EB0D76244B7BA93F11DA22E33AAD903FEE
:109C90000000000000000000303132333435363728
:109CA000383961626364656678700030313233340C
:109CB0003536373839414243444546585000000054
:109CC00002400000000000A000000000054000006D
:109CD000000000C8000000000C4000000000409C94
:109CE00000000000194000000020BCBE0000000081
:109CF00034400000BFC91B8E00000004B5400000C6
:109D0000504BCFD06607E2CF010000006C4100004D
:109D10003E8251AADFEEA73401000000D9420000C4
:109D2000DCB5A0E23A301F97FFFFFFFFB44500000B
:109D3000FD25A0C8E9A3C14FFFFFFFFFFF3F0000C3
:109D40000000008000000000FF3F000000000080D5
:109D500000000000A09E000800000020B4010000E8
:109D600028010008F49E0008B4010020943000008F
:109D7000840100081001000043000000F8FFFFFF0D
:109D8000004040404040404040404141414141400E
:109D900040404040404040404040404040404040C3
:109DA0004005020202020202020202020202020252
:109DB0000220202020202020202020020202020257
:109DC00002029090909090901010101010101010AF
:109DD00010101010101010101010101002020202BB
:109DE00002028888888888880808080808080808FF
:109DF00008080808080808080808080802020202FB
:109E00004000000000000000000000000000000012
:109E10000000000000000000000000000000000042
:109E20000000000000000000000000000000000032
:109E30000000000000000000000000000000000022
:109E40000000000000000000000000000000000012
:109E50000000000000000000000000000000000002
:109E600000000000000000000000000000000000F2
:109E700000000000000000000000000000000000E2
:109E8000000000001C00000043000000F8FFFFFF7E
:109E90000C0000000E0000000F0000002E0000006B
:109EA000412D010203040400091A060708090204EF
:109EB00006083E112233445505C1025D052F40407E
:109EC000CDCCCC3D0801161BC842040A15C220198E
:109ED0003C1A4C3C01181B2041040A16C17921038D
:109EE0001A803F1AF03C0A16F03C012D0223041A96
:049EF000AA01810042
:04000005080000ED02
:00000001FF
